Time [s], X-Pos [m], Y-Pos [m], phi [rad], dX-Pos [m/s], dY-Pos [m/s], dphi [rad/s], Path Vel [m/s]
0,0,0,0,0,0,0,0
0.05,7.38871e-05,0,0,0.00443323,0,0,0.00443323
0.1,0.000591097,0,0,0.0177329,0,0,0.0177329
0.15,0.00199495,0,0,0.0398991,0,0,0.0398991
0.2,0.00468974,0,0,0.0672811,0,0,0.0672811
0.25,0.00858209,0,0,0.0869353,0,0,0.0869353
0.3,0.0132355,0,0,0.0977229,0,0,0.0977229
0.35,0.0182083,0,0,0.1,0,0,0.1
0.4,0.0232083,0,0,0.1,0,0,0.1
0.45,0.0282083,0,0,0.1,0,0,0.1
0.5,0.0332083,0,0,0.1,0,0,0.1
0.55,0.0382083,0,0,0.1,0,0,0.1
0.6,0.0432083,0,0,0.1,0,0,0.1
0.65,0.0482083,0,0,0.1,0,0,0.1
0.7,0.0532083,0,0,0.1,0,0,0.1
0.75,0.0582083,0,0,0.1,0,0,0.1
0.8,0.0632083,0,0,0.1,0,0,0.1
0.85,0.0682083,0,0,0.1,0,0,0.1
0.9,0.0732083,0,0,0.1,0,0,0.1
0.95,0.0782083,0,0,0.1,0,0,0.1
1,0.0832083,0,0,0.1,0,0,0.1
1.05,0.0882083,0,0,0.1,0,0,0.1
1.1,0.0932083,0,0,0.1,0,0,0.1
1.15,0.0982083,0,0,0.1,0,0,0.1
1.2,0.103208,0,0,0.1,0,0,0.1
1.25,0.108208,0,0,0.1,0,0,0.1
1.3,0.113208,0,0,0.1,0,0,0.1
1.35,0.118208,0,0,0.1,0,0,0.1
1.4,0.123208,0,0,0.1,0,0,0.1
1.45,0.128208,0,0,0.1,0,0,0.1
1.5,0.133208,0,0,0.1,0,0,0.1
1.55,0.138208,0,0,0.1,0,0,0.1
1.6,0.143208,0,0,0.1,0,0,0.1
1.65,0.148208,0,0,0.1,0,0,0.1
1.7,0.153208,0,0,0.1,0,0,0.1
1.75,0.158208,0,0,0.1,0,0,0.1
1.8,0.163208,0,0,0.1,0,0,0.1
1.85,0.168208,0,0,0.1,0,0,0.1
1.9,0.173208,0,0,0.1,0,0,0.1
1.95,0.178208,0,0,0.1,0,0,0.1
2,0.183208,0,0,0.1,0,0,0.1
2.05,0.188208,0,0,0.1,0,0,0.1
2.1,0.193208,0,0,0.1,0,0,0.1
2.15,0.198208,0,0,0.1,0,0,0.1
2.2,0.203208,0,0,0.1,0,0,0.1
2.25,0.208208,0,0,0.1,0,0,0.1
2.3,0.213208,0,0,0.1,0,0,0.1
2.35,0.218208,0,0,0.1,0,0,0.1
2.4,0.223208,0,0,0.1,0,0,0.1
2.45,0.228208,0,0,0.1,0,0,0.1
2.5,0.233208,0,0,0.1,0,0,0.1
2.55,0.238208,0,0,0.1,0,0,0.1
2.6,0.243208,0,0,0.1,0,0,0.1
2.65,0.248208,0,0,0.1,0,0,0.1
2.7,0.253208,0,0,0.1,0,0,0.1
2.75,0.258208,0,0,0.1,0,0,0.1
2.8,0.263208,0,0,0.1,0,0,0.1
2.85,0.268208,0,0,0.1,0,0,0.1
2.9,0.273208,0,0,0.1,0,0,0.1
2.95,0.278208,0,0,0.1,0,0,0.1
3,0.283208,0,0,0.1,0,0,0.1
3.05,0.288208,0,0,0.1,0,0,0.1
3.1,0.293208,0,0,0.1,0,0,0.1
3.15,0.298208,0,0,0.1,0,0,0.1
3.2,0.303208,0,0,0.1,0,0,0.1
3.25,0.308208,0,0,0.1,0,0,0.1
3.3,0.313208,0,0,0.1,0,0,0.1
3.35,0.318208,0,0,0.1,0,0,0.1
3.4,0.323208,0,0,0.1,0,0,0.1
3.45,0.328208,0,0,0.1,0,0,0.1
3.5,0.333208,0,0,0.1,0,0,0.1
3.55,0.338208,0,0,0.1,0,0,0.1
3.6,0.343208,0,0,0.1,0,0,0.1
3.65,0.348208,0,0,0.1,0,0,0.1
3.7,0.353208,0,0,0.1,0,0,0.1
3.75,0.358208,0,0,0.1,0,0,0.1
3.8,0.363208,0,0,0.1,0,0,0.1
3.85,0.368208,0,0,0.1,0,0,0.1
3.9,0.373208,0,0,0.1,0,0,0.1
3.95,0.378208,0,0,0.1,0,0,0.1
4,0.383208,0,0,0.1,0,0,0.1
4.05,0.388208,0,0,0.1,0,0,0.1
4.1,0.393208,0,0,0.1,0,0,0.1
4.15,0.398208,0,0,0.1,0,0,0.1
4.2,0.403208,0,0,0.1,0,0,0.1
4.25,0.408208,0,0,0.1,0,0,0.1
4.3,0.413208,0,0,0.1,0,0,0.1
4.35,0.418208,0,0,0.1,0,0,0.1
4.4,0.423208,0,0,0.1,0,0,0.1
4.45,0.428208,0,0,0.1,0,0,0.1
4.5,0.433208,0,0,0.1,0,0,0.1
4.55,0.438208,0,0,0.1,0,0,0.1
4.6,0.443208,0,0,0.1,0,0,0.1
4.65,0.448208,0,0,0.1,0,0,0.1
4.7,0.453208,0,0,0.1,0,0,0.1
4.75,0.458208,0,0,0.1,0,0,0.1
4.8,0.463208,0,0,0.1,0,0,0.1
4.85,0.468208,0,0,0.1,0,0,0.1
4.9,0.473208,0,0,0.1,0,0,0.1
4.95,0.478208,0,0,0.1,0,0,0.1
5,0.483208,0,0,0.1,0,0,0.1
5.05,0.488208,0,0,0.1,0,0,0.1
5.1,0.493208,0,0,0.1,0,0,0.1
5.15,0.498208,0,0,0.1,0,0,0.1
5.2,0.503208,0,0,0.1,0,0,0.1
5.25,0.508208,0,0,0.1,0,0,0.1
5.3,0.513208,0,0,0.1,0,0,0.1
5.35,0.518208,0,0,0.1,0,0,0.1
5.4,0.523208,0,0,0.1,0,0,0.1
5.45,0.528208,0,0,0.1,0,0,0.1
5.5,0.533208,0,0,0.1,0,0,0.1
5.55,0.538208,0,0,0.1,0,0,0.1
5.6,0.543208,0,0,0.1,0,0,0.1
5.65,0.548208,0,0,0.1,0,0,0.1
5.7,0.553208,0,0,0.1,0,0,0.1
5.75,0.558208,0,0,0.1,0,0,0.1
5.8,0.563208,0,0,0.1,0,0,0.1
5.85,0.568208,0,0,0.1,0,0,0.1
5.9,0.573208,0,0,0.1,0,0,0.1
5.95,0.578208,0,0,0.1,0,0,0.1
6,0.583208,0,0,0.1,0,0,0.1
6.05,0.588208,0,0,0.1,0,0,0.1
6.1,0.593208,0,0,0.1,0,0,0.1
6.15,0.598208,0,0,0.1,0,0,0.1
6.2,0.603208,0,0,0.1,0,0,0.1
6.25,0.608208,0,0,0.1,0,0,0.1
6.3,0.613208,0,0,0.1,0,0,0.1
6.35,0.618208,0,0,0.1,0,0,0.1
6.4,0.623208,0,0,0.1,0,0,0.1
6.45,0.628208,0,0,0.1,0,0,0.1
6.5,0.633208,0,0,0.1,0,0,0.1
6.55,0.638208,0,0,0.1,0,0,0.1
6.6,0.643208,0,0,0.1,0,0,0.1
6.65,0.648208,0,0,0.1,0,0,0.1
6.7,0.653208,0,0,0.1,0,0,0.1
6.75,0.658208,0,0,0.1,0,0,0.1
6.8,0.663208,0,0,0.1,0,0,0.1
6.85,0.668208,0,0,0.1,0,0,0.1
6.9,0.673208,0,0,0.1,0,0,0.1
6.95,0.678208,0,0,0.1,0,0,0.1
7,0.683208,0,0,0.1,0,0,0.1
7.05,0.688208,0,0,0.1,0,0,0.1
7.1,0.693208,0,0,0.1,0,0,0.1
7.15,0.698208,0,0,0.1,0,0,0.1
7.2,0.703208,0,0,0.1,0,0,0.1
7.25,0.708208,0,0,0.1,0,0,0.1
7.3,0.713208,0,0,0.1,0,0,0.1
7.35,0.718208,0,0,0.1,0,0,0.1
7.4,0.723208,0,0,0.1,0,0,0.1
7.45,0.728208,0,0,0.1,0,0,0.1
7.5,0.733208,0,0,0.1,0,0,0.1
7.55,0.738208,0,0,0.1,0,0,0.1
7.6,0.743208,0,0,0.1,0,0,0.1
7.65,0.748208,0,0,0.1,0,0,0.1
7.7,0.753208,0,0,0.1,0,0,0.1
7.75,0.758208,0,0,0.1,0,0,0.1
7.8,0.763208,0,0,0.1,0,0,0.1
7.85,0.768208,0,0,0.1,0,0,0.1
7.9,0.773208,0,0,0.1,0,0,0.1
7.95,0.778208,0,0,0.1,0,0,0.1
8,0.783208,0,0,0.1,0,0,0.1
8.05,0.788208,0,0,0.1,0,0,0.1
8.1,0.793208,0,0,0.1,0,0,0.1
8.15,0.798208,0,0,0.1,0,0,0.1
8.2,0.803208,0,0,0.1,0,0,0.1
8.25,0.808208,0,0,0.1,0,0,0.1
8.3,0.813208,0,0,0.1,0,0,0.1
8.35,0.818208,0,0,0.1,0,0,0.1
8.4,0.823208,0,0,0.1,0,0,0.1
8.45,0.828208,0,0,0.1,0,0,0.1
8.5,0.833208,0,0,0.1,0,0,0.1
8.55,0.838208,0,0,0.1,0,0,0.1
8.6,0.843208,0,0,0.1,0,0,0.1
8.65,0.848208,0,0,0.1,0,0,0.1
8.7,0.853208,0,0,0.1,0,0,0.1
8.75,0.858208,0,0,0.1,0,0,0.1
8.8,0.863208,0,0,0.1,0,0,0.1
8.85,0.868208,0,0,0.1,0,0,0.1
8.9,0.873208,0,0,0.1,0,0,0.1
8.95,0.878208,0,0,0.1,0,0,0.1
9,0.883208,0,0,0.1,0,0,0.1
9.05,0.888208,0,0,0.1,0,0,0.1
9.1,0.893208,0,0,0.1,0,0,0.1
9.15,0.898208,0,0,0.1,0,0,0.1
9.2,0.903208,0,0,0.1,0,0,0.1
9.25,0.908208,0,0,0.1,0,0,0.1
9.3,0.913208,0,0,0.1,0,0,0.1
9.35,0.918208,0,0,0.1,0,0,0.1
9.4,0.923208,0,0,0.1,0,0,0.1
9.45,0.928208,0,0,0.1,0,0,0.1
9.5,0.933208,0,0,0.1,0,0,0.1
9.55,0.938208,0,0,0.1,0,0,0.1
9.6,0.943208,0,0,0.1,0,0,0.1
9.65,0.948208,0,0,0.1,0,0,0.1
9.7,0.953208,0,0,0.1,0,0,0.1
9.75,0.958208,0,0,0.1,0,0,0.1
9.8,0.963208,0,0,0.1,0,0,0.1
9.85,0.968208,0,0,0.1,0,0,0.1
9.9,0.973208,0,0,0.1,0,0,0.1
9.95,0.978208,0,0,0.1,0,0,0.1
10,0.983208,0,0,0.1,0,0,0.1
10.05,0.988208,0,0,0.1,0,0,0.1
10.1,0.993208,0,0,0.1,0,0,0.1
10.15,0.998208,0,0,0.1,0,0,0.1
10.2,1.00321,0,0,0.1,0,0,0.1
10.25,1.00821,0,0,0.1,0,0,0.1
10.3,1.01321,0,0,0.1,0,0,0.1
10.35,1.01821,0,0,0.1,0,0,0.1
10.4,1.02321,0,0,0.1,0,0,0.1
10.45,1.02821,0,0,0.1,0,0,0.1
10.5,1.03321,0,0,0.1,0,0,0.1
10.55,1.03821,0,0,0.1,0,0,0.1
10.6,1.04321,0,0,0.1,0,0,0.1
10.65,1.04821,0,0,0.1,0,0,0.1
10.7,1.05321,0,0,0.1,0,0,0.1
10.75,1.05821,0,0,0.1,0,0,0.1
10.8,1.06321,0,0,0.1,0,0,0.1
10.85,1.06821,0,0,0.1,0,0,0.1
10.9,1.07321,0,0,0.1,0,0,0.1
10.95,1.07821,0,0,0.1,0,0,0.1
11,1.08321,0,0,0.1,0,0,0.1
11.05,1.08821,0,0,0.1,0,0,0.1
11.1,1.09321,0,0,0.1,0,0,0.1
11.15,1.09821,0,0,0.1,0,0,0.1
11.2,1.10321,0,0,0.1,0,0,0.1
11.25,1.10821,0,0,0.1,0,0,0.1
11.3,1.11321,0,0,0.1,0,0,0.1
11.35,1.11821,0,0,0.1,0,0,0.1
11.4,1.12321,0,0,0.1,0,0,0.1
11.45,1.12821,0,0,0.1,0,0,0.1
11.5,1.13321,0,0,0.1,0,0,0.1
11.55,1.13821,0,0,0.1,0,0,0.1
11.6,1.14321,0,0,0.1,0,0,0.1
11.65,1.14821,0,0,0.1,0,0,0.1
11.7,1.15321,0,0,0.1,0,0,0.1
11.75,1.15821,0,0,0.1,0,0,0.1
11.8,1.16321,0,0,0.1,0,0,0.1
11.85,1.16821,0,0,0.1,0,0,0.1
11.9,1.17321,0,0,0.1,0,0,0.1
11.95,1.17821,0,0,0.1,0,0,0.1
12,1.18321,0,0,0.1,0,0,0.1
12.05,1.18821,0,0,0.1,0,0,0.1
12.1,1.19321,0,0,0.1,0,0,0.1
12.15,1.19821,0,0,0.1,0,0,0.1
12.2,1.20321,0,0,0.1,0,0,0.1
12.25,1.20821,0,0,0.1,0,0,0.1
12.3,1.21321,0,0,0.1,0,0,0.1
12.35,1.21821,0,0,0.1,0,0,0.1
12.4,1.22321,0,0,0.1,0,0,0.1
12.45,1.22821,0,0,0.1,0,0,0.1
12.5,1.23321,0,0,0.1,0,0,0.1
12.55,1.23821,0,0,0.1,0,0,0.1
12.6,1.24321,0,0,0.1,0,0,0.1
12.65,1.24821,0,0,0.1,0,0,0.1
12.7,1.25321,0,0,0.1,0,0,0.1
12.75,1.25821,0,0,0.1,0,0,0.1
12.8,1.26321,0,0,0.1,0,0,0.1
12.85,1.26821,0,0,0.1,0,0,0.1
12.9,1.27321,0,0,0.1,0,0,0.1
12.95,1.27821,0,0,0.1,0,0,0.1
13,1.28321,0,0,0.1,0,0,0.1
13.05,1.28821,0,0,0.1,0,0,0.1
13.1,1.29321,0,0,0.1,0,0,0.1
13.15,1.29821,0,0,0.1,0,0,0.1
13.2,1.30321,0,0,0.1,0,0,0.1
13.25,1.30821,0,0,0.1,0,0,0.1
13.3,1.31321,0,0,0.1,0,0,0.1
13.35,1.31821,0,0,0.1,0,0,0.1
13.4,1.32321,0,0,0.1,0,0,0.1
13.45,1.32821,0,0,0.1,0,0,0.1
13.5,1.33321,0,0,0.1,0,0,0.1
13.55,1.33821,0,0,0.1,0,0,0.1
13.6,1.34321,0,0,0.1,0,0,0.1
13.65,1.34821,0,0,0.1,0,0,0.1
13.7,1.35321,0,0,0.1,0,0,0.1
13.75,1.35821,0,0,0.1,0,0,0.1
13.8,1.36321,0,0,0.1,0,0,0.1
13.85,1.36821,0,0,0.1,0,0,0.1
13.9,1.37321,0,0,0.1,0,0,0.1
13.95,1.37821,0,0,0.1,0,0,0.1
14,1.38321,0,0,0.1,0,0,0.1
14.05,1.38821,0,0,0.1,0,0,0.1
14.1,1.39321,0,0,0.1,0,0,0.1
14.15,1.39821,0,0,0.1,0,0,0.1
14.2,1.40321,0,0,0.1,0,0,0.1
14.25,1.40821,0,0,0.1,0,0,0.1
14.3,1.41321,0,0,0.1,0,0,0.1
14.35,1.41821,0,0,0.1,0,0,0.1
14.4,1.42321,0,0,0.1,0,0,0.1
14.45,1.42821,0,0,0.1,0,0,0.1
14.5,1.43321,0,0,0.1,0,0,0.1
14.55,1.43821,0,0,0.1,0,0,0.1
14.6,1.44321,0,0,0.1,0,0,0.1
14.65,1.44821,0,0,0.1,0,0,0.1
14.7,1.45321,0,0,0.1,0,0,0.1
14.75,1.45821,0,0,0.1,0,0,0.1
14.8,1.46321,0,0,0.1,0,0,0.1
14.85,1.46821,0,0,0.1,0,0,0.1
14.9,1.47321,0,0,0.1,0,0,0.1
14.95,1.47821,0,0,0.1,0,0,0.1
15,1.48321,0,0,0.1,0,0,0.1
15.05,1.48821,0,0,0.1,0,0,0.1
15.1,1.49321,0,0,0.1,0,0,0.1
15.15,1.49821,0,0,0.1,0,0,0.1
15.2,1.50321,0,0,0.1,0,0,0.1
15.25,1.50821,0,0,0.1,0,0,0.1
15.3,1.51321,0,0,0.1,0,0,0.1
15.35,1.51821,0,0,0.1,0,0,0.1
15.4,1.52321,0,0,0.1,0,0,0.1
15.45,1.52821,0,0,0.1,0,0,0.1
15.5,1.53321,0,0,0.1,0,0,0.1
15.55,1.53821,0,0,0.1,0,0,0.1
15.6,1.54321,0,0,0.1,0,0,0.1
15.65,1.54821,0,0,0.1,0,0,0.1
15.7,1.55321,0,0,0.1,0,0,0.1
15.75,1.55821,0,0,0.1,0,0,0.1
15.8,1.56321,0,0,0.1,0,0,0.1
15.85,1.56821,0,0,0.1,0,0,0.1
15.9,1.57321,0,0,0.1,0,0,0.1
15.95,1.57821,0,0,0.1,0,0,0.1
16,1.58321,0,0,0.1,0,0,0.1
16.05,1.58821,0,0,0.1,0,0,0.1
16.1,1.59321,0,0,0.1,0,0,0.1
16.15,1.59821,0,0,0.1,0,0,0.1
16.2,1.60321,0,0,0.1,0,0,0.1
16.25,1.60821,0,0,0.1,0,0,0.1
16.3,1.61321,0,0,0.1,0,0,0.1
16.35,1.61821,0,0,0.1,0,0,0.1
16.4,1.62321,0,0,0.1,0,0,0.1
16.45,1.62821,0,0,0.1,0,0,0.1
16.5,1.63321,0,0,0.1,0,0,0.1
16.55,1.63821,0,0,0.1,0,0,0.1
16.6,1.64321,0,0,0.1,0,0,0.1
16.65,1.64821,0,0,0.1,0,0,0.1
16.7,1.65321,0,0,0.1,0,0,0.1
16.75,1.65821,0,0,0.1,0,0,0.1
16.8,1.66321,0,0,0.1,0,0,0.1
16.85,1.66821,0,0,0.1,0,0,0.1
16.9,1.67321,0,0,0.1,0,0,0.1
16.95,1.67821,0,0,0.1,0,0,0.1
17,1.68321,0,0,0.1,0,0,0.1
17.05,1.68821,0,0,0.1,0,0,0.1
17.1,1.69321,0,0,0.1,0,0,0.1
17.15,1.69821,0,0,0.1,0,0,0.1
17.2,1.70321,0,0,0.1,0,0,0.1
17.25,1.70821,0,0,0.1,0,0,0.1
17.3,1.71321,0,0,0.1,0,0,0.1
17.35,1.71821,0,0,0.1,0,0,0.1
17.4,1.72321,0,0,0.1,0,0,0.1
17.45,1.72821,0,0,0.1,0,0,0.1
17.5,1.73321,0,0,0.1,0,0,0.1
17.55,1.73821,0,0,0.1,0,0,0.1
17.6,1.74321,0,0,0.1,0,0,0.1
17.65,1.74821,0,0,0.1,0,0,0.1
17.7,1.75321,0,0,0.1,0,0,0.1
17.75,1.75821,0,0,0.1,0,0,0.1
17.8,1.76321,0,0,0.1,0,0,0.1
17.85,1.76821,0,0,0.1,0,0,0.1
17.9,1.77321,0,0,0.1,0,0,0.1
17.95,1.77821,0,0,0.1,0,0,0.1
18,1.78321,0,0,0.1,0,0,0.1
18.05,1.78821,0,0,0.1,0,0,0.1
18.1,1.79321,0,0,0.1,0,0,0.1
18.15,1.79821,0,0,0.1,0,0,0.1
18.2,1.80321,0,0,0.1,0,0,0.1
18.25,1.80821,0,0,0.1,0,0,0.1
18.3,1.81321,0,0,0.1,0,0,0.1
18.35,1.81821,0,0,0.1,0,0,0.1
18.4,1.82321,0,0,0.1,0,0,0.1
18.45,1.82821,0,0,0.1,0,0,0.1
18.5,1.83321,0,0,0.1,0,0,0.1
18.55,1.83821,0,0,0.1,0,0,0.1
18.6,1.84321,0,0,0.1,0,0,0.1
18.65,1.84821,0,0,0.1,0,0,0.1
18.7,1.85321,0,0,0.1,0,0,0.1
18.75,1.85821,0,0,0.1,0,0,0.1
18.8,1.86321,0,0,0.1,0,0,0.1
18.85,1.86821,0,0,0.1,0,0,0.1
18.9,1.87321,0,0,0.1,0,0,0.1
18.95,1.87821,0,0,0.1,0,0,0.1
19,1.88321,0,0,0.1,0,0,0.1
19.05,1.88821,0,0,0.1,0,0,0.1
19.1,1.89321,0,0,0.1,0,0,0.1
19.15,1.89821,0,0,0.1,0,0,0.1
19.2,1.90321,0,0,0.1,0,0,0.1
19.25,1.90821,0,0,0.1,0,0,0.1
19.3,1.91321,0,0,0.1,0,0,0.1
19.35,1.91821,0,0,0.1,0,0,0.1
19.4,1.92321,0,0,0.1,0,0,0.1
19.45,1.92821,0,0,0.1,0,0,0.1
19.5,1.93321,0,0,0.1,0,0,0.1
19.55,1.93821,0,0,0.1,0,0,0.1
19.6,1.94321,0,0,0.1,0,0,0.1
19.65,1.94821,0,0,0.1,0,0,0.1
19.7,1.95321,0,0,0.1,0,0,0.1
19.75,1.95821,0,0,0.1,0,0,0.1
19.8,1.96321,0,0,0.1,0,0,0.1
19.85,1.96821,0,0,0.1,0,0,0.1
19.9,1.97321,0,0,0.1,0,0,0.1
19.95,1.97821,0,0,0.1,0,0,0.1
20,1.98321,0,0,0.1,0,0,0.1
20.05,1.98821,0,0,0.1,0,0,0.1
20.1,1.99321,0,0,0.1,0,0,0.1
20.15,1.99821,0,0,0.1,0,0,0.1
20.2,2.00321,0,0,0.1,0,0,0.1
20.25,2.00821,0,0,0.1,0,0,0.1
20.3,2.01321,0,0,0.1,0,0,0.1
20.35,2.01821,0,0,0.1,0,0,0.1
20.4,2.02321,0,0,0.1,0,0,0.1
20.45,2.02821,0,0,0.1,0,0,0.1
20.5,2.03321,0,0,0.1,0,0,0.1
20.55,2.03821,0,0,0.1,0,0,0.1
20.6,2.04321,0,0,0.1,0,0,0.1
20.65,2.04821,0,0,0.1,0,0,0.1
20.7,2.05321,0,0,0.1,0,0,0.1
20.75,2.05821,0,0,0.1,0,0,0.1
20.8,2.06321,0,0,0.1,0,0,0.1
20.85,2.06821,0,0,0.1,0,0,0.1
20.9,2.07321,0,0,0.1,0,0,0.1
20.95,2.07821,0,0,0.1,0,0,0.1
21,2.08321,0,0,0.1,0,0,0.1
21.05,2.08821,0,0,0.1,0,0,0.1
21.1,2.09321,0,0,0.1,0,0,0.1
21.15,2.09821,0,0,0.1,0,0,0.1
21.2,2.10321,0,0,0.1,0,0,0.1
21.25,2.10821,0,0,0.1,0,0,0.1
21.3,2.11321,0,0,0.1,0,0,0.1
21.35,2.11821,0,0,0.1,0,0,0.1
21.4,2.12321,0,0,0.1,0,0,0.1
21.45,2.12821,0,0,0.1,0,0,0.1
21.5,2.13321,0,0,0.1,0,0,0.1
21.55,2.13821,0,0,0.1,0,0,0.1
21.6,2.14321,0,0,0.1,0,0,0.1
21.65,2.14821,0,0,0.1,0,0,0.1
21.7,2.15321,0,0,0.1,0,0,0.1
21.75,2.15821,0,0,0.1,0,0,0.1
21.8,2.16321,0,0,0.1,0,0,0.1
21.85,2.16821,0,0,0.1,0,0,0.1
21.9,2.17321,0,0,0.1,0,0,0.1
21.95,2.17821,0,0,0.1,0,0,0.1
22,2.18321,0,0,0.1,0,0,0.1
22.05,2.18821,0,0,0.1,0,0,0.1
22.1,2.19321,0,0,0.1,0,0,0.1
22.15,2.19821,0,0,0.1,0,0,0.1
22.2,2.20321,0,0,0.1,0,0,0.1
22.25,2.20821,0,0,0.1,0,0,0.1
22.3,2.21321,0,0,0.1,0,0,0.1
22.35,2.21821,0,0,0.1,0,0,0.1
22.4,2.22321,0,0,0.1,0,0,0.1
22.45,2.22821,0,0,0.1,0,0,0.1
22.5,2.23321,0,0,0.1,0,0,0.1
22.55,2.23821,0,0,0.1,0,0,0.1
22.6,2.24321,0,0,0.1,0,0,0.1
22.65,2.24821,0,0,0.1,0,0,0.1
22.7,2.25321,0,0,0.1,0,0,0.1
22.75,2.25821,0,0,0.1,0,0,0.1
22.8,2.26321,0,0,0.1,0,0,0.1
22.85,2.26821,0,0,0.1,0,0,0.1
22.9,2.27321,0,0,0.1,0,0,0.1
22.95,2.27821,0,0,0.1,0,0,0.1
23,2.28321,0,0,0.1,0,0,0.1
23.05,2.28821,0,0,0.1,0,0,0.1
23.1,2.29321,0,0,0.1,0,0,0.1
23.15,2.29821,0,0,0.1,0,0,0.1
23.2,2.30321,0,0,0.1,0,0,0.1
23.25,2.30821,0,0,0.1,0,0,0.1
23.3,2.31321,0,0,0.1,0,0,0.1
23.35,2.31821,0,0,0.1,0,0,0.1
23.4,2.32321,0,0,0.1,0,0,0.1
23.45,2.32821,0,0,0.1,0,0,0.1
23.5,2.33321,0,0,0.1,0,0,0.1
23.55,2.33821,0,0,0.1,0,0,0.1
23.6,2.34321,0,0,0.1,0,0,0.1
23.65,2.34821,0,0,0.1,0,0,0.1
23.7,2.35321,0,0,0.1,0,0,0.1
23.75,2.35821,0,0,0.1,0,0,0.1
23.8,2.36321,0,0,0.1,0,0,0.1
23.85,2.36821,0,0,0.1,0,0,0.1
23.9,2.37321,0,0,0.1,0,0,0.1
23.95,2.37821,0,0,0.1,0,0,0.1
24,2.38321,0,0,0.1,0,0,0.1
24.05,2.38821,0,0,0.1,0,0,0.1
24.1,2.39321,0,0,0.1,0,0,0.1
24.15,2.39821,0,0,0.1,0,0,0.1
24.2,2.40321,0,0,0.1,0,0,0.1
24.25,2.40821,0,0,0.1,0,0,0.1
24.3,2.41321,0,0,0.1,0,0,0.1
24.35,2.41821,0,0,0.1,0,0,0.1
24.4,2.42321,0,0,0.1,0,0,0.1
24.45,2.42821,0,0,0.1,0,0,0.1
24.5,2.43321,0,0,0.1,0,0,0.1
24.55,2.43821,0,0,0.1,0,0,0.1
24.6,2.44321,0,0,0.1,0,0,0.1
24.65,2.44821,0,0,0.1,0,0,0.1
24.7,2.45321,0,0,0.1,0,0,0.1
24.75,2.45821,0,0,0.1,0,0,0.1
24.8,2.46321,0,0,0.1,0,0,0.1
24.85,2.46821,0,0,0.1,0,0,0.1
24.9,2.47321,0,0,0.1,0,0,0.1
24.95,2.47821,0,0,0.1,0,0,0.1
25,2.48321,0,0,0.1,0,0,0.1
25.05,2.48821,0,0,0.1,0,0,0.1
25.1,2.49321,0,0,0.1,0,0,0.1
25.15,2.49821,0,0,0.1,0,0,0.1
25.2,2.50321,0,0,0.1,0,0,0.1
25.25,2.50821,0,0,0.1,0,0,0.1
25.3,2.51321,0,0,0.1,0,0,0.1
25.35,2.51821,0,0,0.1,0,0,0.1
25.4,2.52321,0,0,0.1,0,0,0.1
25.45,2.52821,0,0,0.1,0,0,0.1
25.5,2.53321,0,0,0.1,0,0,0.1
25.55,2.53821,0,0,0.1,0,0,0.1
25.6,2.54321,0,0,0.1,0,0,0.1
25.65,2.54821,0,0,0.1,0,0,0.1
25.7,2.55321,0,0,0.1,0,0,0.1
25.75,2.55821,0,0,0.1,0,0,0.1
25.8,2.56321,0,0,0.1,0,0,0.1
25.85,2.56821,0,0,0.1,0,0,0.1
25.9,2.57321,0,0,0.1,0,0,0.1
25.95,2.57821,0,0,0.1,0,0,0.1
26,2.58321,0,0,0.1,0,0,0.1
26.05,2.58821,0,0,0.1,0,0,0.1
26.1,2.59321,0,0,0.1,0,0,0.1
26.15,2.59821,0,0,0.1,0,0,0.1
26.2,2.60321,0,0,0.1,0,0,0.1
26.25,2.60821,0,0,0.1,0,0,0.1
26.3,2.61321,0,0,0.1,0,0,0.1
26.35,2.61821,0,0,0.1,0,0,0.1
26.4,2.62321,0,0,0.1,0,0,0.1
26.45,2.62821,0,0,0.1,0,0,0.1
26.5,2.63321,0,0,0.1,0,0,0.1
26.55,2.63821,0,0,0.1,0,0,0.1
26.6,2.64321,0,0,0.1,0,0,0.1
26.65,2.64821,0,0,0.1,0,0,0.1
26.7,2.65321,0,0,0.1,0,0,0.1
26.75,2.65821,0,0,0.1,0,0,0.1
26.8,2.66321,0,0,0.1,0,0,0.1
26.85,2.66821,0,0,0.1,0,0,0.1
26.9,2.67321,0,0,0.1,0,0,0.1
26.95,2.67821,0,0,0.1,0,0,0.1
27,2.68321,0,0,0.1,0,0,0.1
27.05,2.68821,0,0,0.1,0,0,0.1
27.1,2.69321,0,0,0.1,0,0,0.1
27.15,2.69821,0,0,0.1,0,0,0.1
27.2,2.70321,0,0,0.1,0,0,0.1
27.25,2.70821,0,0,0.1,0,0,0.1
27.3,2.71321,0,0,0.1,0,0,0.1
27.35,2.71821,0,0,0.1,0,0,0.1
27.4,2.72321,0,0,0.1,0,0,0.1
27.45,2.72821,0,0,0.1,0,0,0.1
27.5,2.73321,0,0,0.1,0,0,0.1
27.55,2.73821,0,0,0.1,0,0,0.1
27.6,2.74321,0,0,0.1,0,0,0.1
27.65,2.74821,0,0,0.1,0,0,0.1
27.7,2.75321,0,0,0.1,0,0,0.1
27.75,2.75821,0,0,0.1,0,0,0.1
27.8,2.76321,0,0,0.1,0,0,0.1
27.85,2.76821,0,0,0.1,0,0,0.1
27.9,2.77321,0,0,0.1,0,0,0.1
27.95,2.77821,0,0,0.1,0,0,0.1
28,2.78321,0,0,0.1,0,0,0.1
28.05,2.78821,0,0,0.1,0,0,0.1
28.1,2.79321,0,0,0.1,0,0,0.1
28.15,2.79821,0,0,0.1,0,0,0.1
28.2,2.80321,0,0,0.1,0,0,0.1
28.25,2.80821,0,0,0.1,0,0,0.1
28.3,2.81321,0,0,0.1,0,0,0.1
28.35,2.81821,0,0,0.1,0,0,0.1
28.4,2.82321,0,0,0.1,0,0,0.1
28.45,2.82821,0,0,0.1,0,0,0.1
28.5,2.83321,0,0,0.1,0,0,0.1
28.55,2.83821,0,0,0.1,0,0,0.1
28.6,2.84321,0,0,0.1,0,0,0.1
28.65,2.84821,0,0,0.1,0,0,0.1
28.7,2.85321,0,0,0.1,0,0,0.1
28.75,2.85821,0,0,0.1,0,0,0.1
28.8,2.86321,0,0,0.1,0,0,0.1
28.85,2.86821,0,0,0.1,0,0,0.1
28.9,2.87321,0,0,0.1,0,0,0.1
28.95,2.87821,0,0,0.1,0,0,0.1
29,2.88321,0,0,0.1,0,0,0.1
29.05,2.88821,0,0,0.1,0,0,0.1
29.1,2.89321,0,0,0.1,0,0,0.1
29.15,2.89821,0,0,0.1,0,0,0.1
29.2,2.90321,0,0,0.1,0,0,0.1
29.25,2.90821,0,0,0.1,0,0,0.1
29.3,2.91321,0,0,0.1,0,0,0.1
29.35,2.91821,0,0,0.1,0,0,0.1
29.4,2.92321,0,0,0.1,0,0,0.1
29.45,2.92821,0,0,0.1,0,0,0.1
29.5,2.93321,0,0,0.1,0,0,0.1
29.55,2.93821,0,0,0.1,0,0,0.1
29.6,2.94321,0,0,0.1,0,0,0.1
29.65,2.94821,0,0,0.1,0,0,0.1
29.7,2.95321,0,0,0.1,0,0,0.1
29.75,2.95821,0,0,0.1,0,0,0.1
29.8,2.96321,0,0,0.1,0,0,0.1
29.85,2.96821,0,0,0.1,0,0,0.1
29.9,2.97321,0,0,0.1,0,0,0.1
29.95,2.97821,0,0,0.1,0,0,0.1
30,2.98321,0,0,0.1,0,0,0.1
30.05,2.98821,0,0,0.1,0,0,0.1
30.1,2.99321,0,0,0.1,0,0,0.1
30.15,2.99821,0,0,0.1,0,0,0.1
30.2,3.00321,0,0,0.1,0,0,0.1
30.25,3.00821,0,0,0.1,0,0,0.1
30.3,3.01321,0,0,0.1,0,0,0.1
30.35,3.01821,0,0,0.1,0,0,0.1
30.4,3.02321,0,0,0.1,0,0,0.1
30.45,3.02821,0,0,0.1,0,0,0.1
30.5,3.03321,0,0,0.1,0,0,0.1
30.55,3.03821,0,0,0.1,0,0,0.1
30.6,3.04321,0,0,0.1,0,0,0.1
30.65,3.04821,0,0,0.1,0,0,0.1
30.7,3.05321,0,0,0.1,0,0,0.1
30.75,3.05821,0,0,0.1,0,0,0.1
30.8,3.06321,0,0,0.1,0,0,0.1
30.85,3.06821,0,0,0.1,0,0,0.1
30.9,3.07321,0,0,0.1,0,0,0.1
30.95,3.07821,0,0,0.1,0,0,0.1
31,3.08321,0,0,0.1,0,0,0.1
31.05,3.08821,0,0,0.1,0,0,0.1
31.1,3.09321,0,0,0.1,0,0,0.1
31.15,3.09821,0,0,0.1,0,0,0.1
31.2,3.10321,0,0,0.1,0,0,0.1
31.25,3.10821,0,0,0.1,0,0,0.1
31.3,3.11321,0,0,0.1,0,0,0.1
31.35,3.11821,0,0,0.1,0,0,0.1
31.4,3.12321,0,0,0.1,0,0,0.1
31.45,3.12821,0,0,0.1,0,0,0.1
31.5,3.13321,0,0,0.1,0,0,0.1
31.55,3.13821,0,0,0.1,0,0,0.1
31.6,3.14321,0,0,0.1,0,0,0.1
31.65,3.14821,0,0,0.1,0,0,0.1
31.7,3.15321,0,0,0.1,0,0,0.1
31.75,3.15821,0,0,0.1,0,0,0.1
31.8,3.16321,0,0,0.1,0,0,0.1
31.85,3.16821,0,0,0.1,0,0,0.1
31.9,3.17321,0,0,0.1,0,0,0.1
31.95,3.17821,0,0,0.1,0,0,0.1
32,3.18321,0,0,0.1,0,0,0.1
32.05,3.18821,0,0,0.1,0,0,0.1
32.1,3.19321,0,0,0.1,0,0,0.1
32.15,3.19821,0,0,0.1,0,0,0.1
32.2,3.20321,0,0,0.1,0,0,0.1
32.25,3.20821,0,0,0.1,0,0,0.1
32.3,3.21321,0,0,0.1,0,0,0.1
32.35,3.21821,0,0,0.1,0,0,0.1
32.4,3.22321,0,0,0.1,0,0,0.1
32.45,3.22821,0,0,0.1,0,0,0.1
32.5,3.23321,0,0,0.1,0,0,0.1
32.55,3.23821,0,0,0.1,0,0,0.1
32.6,3.24321,0,0,0.1,0,0,0.1
32.65,3.24821,0,0,0.1,0,0,0.1
32.7,3.25321,0,0,0.1,0,0,0.1
32.75,3.25821,0,0,0.1,0,0,0.1
32.8,3.26321,0,0,0.1,0,0,0.1
32.85,3.26821,0,0,0.1,0,0,0.1
32.9,3.27321,0,0,0.1,0,0,0.1
32.95,3.27821,0,0,0.1,0,0,0.1
33,3.28321,0,0,0.1,0,0,0.1
33.05,3.28821,0,0,0.1,0,0,0.1
33.1,3.29321,0,0,0.1,0,0,0.1
33.15,3.29821,0,0,0.1,0,0,0.1
33.2,3.30321,0,0,0.1,0,0,0.1
33.25,3.30821,0,0,0.1,0,0,0.1
33.3,3.31321,0,0,0.1,0,0,0.1
33.35,3.31821,0,0,0.1,0,0,0.1
33.4,3.32321,0,0,0.1,0,0,0.1
33.45,3.32821,0,0,0.1,0,0,0.1
33.5,3.33321,0,0,0.1,0,0,0.1
33.55,3.33821,0,0,0.1,0,0,0.1
33.6,3.34321,0,0,0.1,0,0,0.1
33.65,3.34821,0,0,0.1,0,0,0.1
33.7,3.35321,0,0,0.1,0,0,0.1
33.75,3.35821,0,0,0.1,0,0,0.1
33.8,3.36321,0,0,0.1,0,0,0.1
33.85,3.36821,0,0,0.1,0,0,0.1
33.9,3.37321,0,0,0.1,0,0,0.1
33.95,3.37821,0,0,0.1,0,0,0.1
34,3.38321,0,0,0.1,0,0,0.1
34.05,3.38821,0,0,0.1,0,0,0.1
34.1,3.39321,0,0,0.1,0,0,0.1
34.15,3.39821,0,0,0.1,0,0,0.1
34.2,3.40321,0,0,0.1,0,0,0.1
34.25,3.40821,0,0,0.1,0,0,0.1
34.3,3.41321,0,0,0.1,0,0,0.1
34.35,3.41821,0,0,0.1,0,0,0.1
34.4,3.42321,0,0,0.1,0,0,0.1
34.45,3.42821,0,0,0.1,0,0,0.1
34.5,3.43321,0,0,0.1,0,0,0.1
34.55,3.43821,0,0,0.1,0,0,0.1
34.6,3.44321,0,0,0.1,0,0,0.1
34.65,3.44821,0,0,0.1,0,0,0.1
34.7,3.45321,0,0,0.1,0,0,0.1
34.75,3.45821,0,0,0.1,0,0,0.1
34.8,3.46321,0,0,0.1,0,0,0.1
34.85,3.46821,0,0,0.1,0,0,0.1
34.9,3.47321,0,0,0.1,0,0,0.1
34.95,3.47821,0,0,0.1,0,0,0.1
35,3.48321,0,0,0.1,0,0,0.1
35.05,3.48821,0,0,0.1,0,0,0.1
35.1,3.49321,0,0,0.1,0,0,0.1
35.15,3.49821,0,0,0.1,0,0,0.1
35.2,3.50321,0,0,0.1,0,0,0.1
35.25,3.50821,0,0,0.1,0,0,0.1
35.3,3.51321,0,0,0.1,0,0,0.1
35.35,3.51821,0,0,0.1,0,0,0.1
35.4,3.52321,0,0,0.1,0,0,0.1
35.45,3.52821,0,0,0.1,0,0,0.1
35.5,3.53321,0,0,0.1,0,0,0.1
35.55,3.53821,0,0,0.1,0,0,0.1
35.6,3.54321,0,0,0.1,0,0,0.1
35.65,3.54821,0,0,0.1,0,0,0.1
35.7,3.55321,0,0,0.1,0,0,0.1
35.75,3.55821,0,0,0.1,0,0,0.1
35.8,3.56321,0,0,0.1,0,0,0.1
35.85,3.56821,0,0,0.1,0,0,0.1
35.9,3.57321,0,0,0.1,0,0,0.1
35.95,3.57821,0,0,0.1,0,0,0.1
36,3.58321,0,0,0.1,0,0,0.1
36.05,3.58821,0,0,0.1,0,0,0.1
36.1,3.59321,0,0,0.1,0,0,0.1
36.15,3.59821,0,0,0.1,0,0,0.1
36.2,3.60321,0,0,0.1,0,0,0.1
36.25,3.60821,0,0,0.1,0,0,0.1
36.3,3.61321,0,0,0.1,0,0,0.1
36.35,3.61821,0,0,0.1,0,0,0.1
36.4,3.62321,0,0,0.1,0,0,0.1
36.45,3.62821,0,0,0.1,0,0,0.1
36.5,3.63321,0,0,0.1,0,0,0.1
36.55,3.63821,0,0,0.1,0,0,0.1
36.6,3.64321,0,0,0.1,0,0,0.1
36.65,3.64821,0,0,0.1,0,0,0.1
36.7,3.65321,0,0,0.1,0,0,0.1
36.75,3.65821,0,0,0.1,0,0,0.1
36.8,3.66321,0,0,0.1,0,0,0.1
36.85,3.66821,0,0,0.1,0,0,0.1
36.9,3.67321,0,0,0.1,0,0,0.1
36.95,3.67821,0,0,0.1,0,0,0.1
37,3.68321,0,0,0.1,0,0,0.1
37.05,3.68821,0,0,0.1,0,0,0.1
37.1,3.69321,0,0,0.1,0,0,0.1
37.15,3.69821,0,0,0.1,0,0,0.1
37.2,3.70321,0,0,0.1,0,0,0.1
37.25,3.70821,0,0,0.1,0,0,0.1
37.3,3.71321,0,0,0.1,0,0,0.1
37.35,3.71821,0,0,0.1,0,0,0.1
37.4,3.72321,0,0,0.1,0,0,0.1
37.45,3.72821,0,0,0.1,0,0,0.1
37.5,3.73321,0,0,0.1,0,0,0.1
37.55,3.73821,0,0,0.1,0,0,0.1
37.6,3.74321,0,0,0.1,0,0,0.1
37.65,3.74821,0,0,0.1,0,0,0.1
37.7,3.75321,0,0,0.1,0,0,0.1
37.75,3.75821,0,0,0.1,0,0,0.1
37.8,3.76321,0,0,0.1,0,0,0.1
37.85,3.76821,0,0,0.1,0,0,0.1
37.9,3.77321,0,0,0.1,0,0,0.1
37.95,3.77821,0,0,0.1,0,0,0.1
38,3.78321,0,0,0.1,0,0,0.1
38.05,3.78821,0,0,0.1,0,0,0.1
38.1,3.79321,0,0,0.1,0,0,0.1
38.15,3.79821,0,0,0.1,0,0,0.1
38.2,3.80321,0,0,0.1,0,0,0.1
38.25,3.80821,0,0,0.1,0,0,0.1
38.3,3.81321,0,0,0.1,0,0,0.1
38.35,3.81821,0,0,0.1,0,0,0.1
38.4,3.82321,0,0,0.1,0,0,0.1
38.45,3.82821,0,0,0.1,0,0,0.1
38.5,3.83321,0,0,0.1,0,0,0.1
38.55,3.83821,0,0,0.1,0,0,0.1
38.6,3.84321,0,0,0.1,0,0,0.1
38.65,3.84821,0,0,0.1,0,0,0.1
38.7,3.85321,0,0,0.1,0,0,0.1
38.75,3.85821,0,0,0.1,0,0,0.1
38.8,3.86321,0,0,0.1,0,0,0.1
38.85,3.86821,0,0,0.1,0,0,0.1
38.9,3.87321,0,0,0.1,0,0,0.1
38.95,3.87821,0,0,0.1,0,0,0.1
39,3.88321,0,0,0.1,0,0,0.1
39.05,3.88821,0,0,0.1,0,0,0.1
39.1,3.89321,0,0,0.1,0,0,0.1
39.15,3.89821,0,0,0.1,0,0,0.1
39.2,3.90321,0,0,0.1,0,0,0.1
39.25,3.90821,0,0,0.1,0,0,0.1
39.3,3.91321,0,0,0.1,0,0,0.1
39.35,3.91821,0,0,0.1,0,0,0.1
39.4,3.92321,0,0,0.1,0,0,0.1
39.45,3.92821,0,0,0.1,0,0,0.1
39.5,3.93321,0,0,0.1,0,0,0.1
39.55,3.93821,0,0,0.1,0,0,0.1
39.6,3.94321,0,0,0.1,0,0,0.1
39.65,3.94821,0,0,0.1,0,0,0.1
39.7,3.95321,0,0,0.1,0,0,0.1
39.75,3.95821,0,0,0.1,0,0,0.1
39.8,3.96321,0,0,0.1,0,0,0.1
39.85,3.96821,0,0,0.1,0,0,0.1
39.9,3.97321,0,0,0.1,0,0,0.1
39.95,3.97821,0,0,0.1,0,0,0.1
40,3.98321,0,0,0.1,0,0,0.1
40.05,3.98821,0,0,0.1,0,0,0.1
40.1,3.99321,0,0,0.1,0,0,0.1
40.15,3.99821,0,0,0.1,0,0,0.1
40.2,4.00321,0,0,0.1,0,0,0.1
40.25,4.00821,0,0,0.1,0,0,0.1
40.3,4.01321,0,0,0.1,0,0,0.1
40.35,4.01821,0,0,0.1,0,0,0.1
40.4,4.02321,0,0,0.1,0,0,0.1
40.45,4.02821,0,0,0.1,0,0,0.1
40.5,4.03321,0,0,0.1,0,0,0.1
40.55,4.03821,0,0,0.1,0,0,0.1
40.6,4.04321,0,0,0.1,0,0,0.1
40.65,4.04821,0,0,0.1,0,0,0.1
40.7,4.05321,0,0,0.1,0,0,0.1
40.75,4.05821,0,0,0.1,0,0,0.1
40.8,4.06321,0,0,0.1,0,0,0.1
40.85,4.06821,0,0,0.1,0,0,0.1
40.9,4.07321,0,0,0.1,0,0,0.1
40.95,4.07821,0,0,0.1,0,0,0.1
41,4.08321,0,0,0.1,0,0,0.1
41.05,4.08821,0,0,0.1,0,0,0.1
41.1,4.09321,0,0,0.1,0,0,0.1
41.15,4.09821,0,0,0.1,0,0,0.1
41.2,4.10321,0,0,0.1,0,0,0.1
41.25,4.10821,0,0,0.1,0,0,0.1
41.3,4.11321,0,0,0.1,0,0,0.1
41.35,4.11821,0,0,0.1,0,0,0.1
41.4,4.12321,0,0,0.1,0,0,0.1
41.45,4.12821,0,0,0.1,0,0,0.1
41.5,4.13321,0,0,0.1,0,0,0.1
41.55,4.13821,0,0,0.1,0,0,0.1
41.6,4.14321,0,0,0.100202,0,0,0.100202
41.65,4.14714,8.00391e-08,4.80235e-05,0.1,4.80235e-06,0.00192094,0.1
41.7,4.15214,6.40313e-07,0.000192094,0.1,1.92094e-05,0.00384188,0.1
41.75,4.15714,2.16106e-06,0.000432211,0.1,4.32211e-05,0.00576281,0.1
41.8,4.16214,5.1225e-06,0.000768375,0.1,7.68375e-05,0.00768375,0.1
41.85,4.16714,1.00049e-05,0.00120059,0.0999999,0.000120059,0.00960469,0.1
41.9,4.17214,1.72884e-05,0.00172884,0.0999999,0.000172884,0.0115256,0.1
41.95,4.17714,2.74534e-05,0.00235315,0.0999997,0.000235315,0.0134466,0.1
42,4.18214,4.098e-05,0.0030735,0.0999995,0.00030735,0.0153675,0.1
42.05,4.18714,5.83484e-05,0.0038899,0.0999992,0.000388989,0.0172884,0.1
42.1,4.19214,8.0039e-05,0.00480235,0.0999988,0.000480233,0.0192094,0.1
42.15,4.19714,0.000106532,0.00581084,0.0999983,0.000581081,0.0211303,0.1
42.2,4.20214,0.000138307,0.00691538,0.0999976,0.000691532,0.0230513,0.1
42.25,4.20714,0.000175845,0.00811596,0.0999967,0.000811587,0.0249722,0.1
42.3,4.21214,0.000219626,0.0094126,0.0999956,0.000941246,0.0268931,0.1
42.35,4.21714,0.00027013,0.0108053,0.0999942,0.00108051,0.0288141,0.1
42.4,4.22214,0.000327837,0.012294,0.0999924,0.00122937,0.030735,0.1
42.45,4.22714,0.000393227,0.0138788,0.0999904,0.00138783,0.0326559,0.1
42.5,4.23214,0.00046678,0.0155596,0.0999879,0.0015559,0.0345769,0.1
42.55,4.23714,0.000548976,0.0173365,0.099985,0.00173356,0.0364978,0.1
42.6,4.24214,0.000640296,0.0192094,0.0999816,0.00192082,0.0384188,0.1
42.65,4.24714,0.000741218,0.0211783,0.0999776,0.00211768,0.0403397,0.1
42.7,4.25213,0.000852223,0.0232434,0.099973,0.00232413,0.0422606,0.1
42.75,4.25713,0.000973791,0.0254044,0.0999677,0.00254017,0.0441816,0.1
42.8,4.26213,0.0011064,0.0276615,0.0999617,0.0027658,0.0461025,0.1
42.85,4.26713,0.00125053,0.0300147,0.099955,0.00300102,0.0480235,0.1
42.9,4.27213,0.00140666,0.0324639,0.0999473,0.00324582,0.0499444,0.1
42.95,4.27712,0.00157527,0.0350091,0.0999387,0.00350019,0.0518653,0.1
43,4.28212,0.00175684,0.0376504,0.0999291,0.00376415,0.0537863,0.1
43.05,4.28712,0.00195185,0.0403877,0.0999185,0.00403767,0.0557072,0.1
43.1,4.29211,0.00216077,0.0432211,0.0999066,0.00432077,0.0576281,0.1
43.15,4.29711,0.00238408,0.0461505,0.0998935,0.00461342,0.0595491,0.1
43.2,4.3021,0.00262227,0.049176,0.0998791,0.00491562,0.06147,0.1
43.25,4.3071,0.0028758,0.0522975,0.0998633,0.00522737,0.063391,0.1
43.3,4.31209,0.00314516,0.0555151,0.0998459,0.00554866,0.0653119,0.1
43.35,4.31708,0.00343083,0.0588287,0.099827,0.00587948,0.0672328,0.1
43.4,4.32207,0.00373327,0.0622384,0.0998064,0.00621982,0.0691538,0.1
43.45,4.32706,0.00405297,0.0657441,0.099784,0.00656968,0.0710747,0.1
43.5,4.33205,0.0043904,0.0693459,0.0997597,0.00692903,0.0729956,0.1
43.55,4.33704,0.00474603,0.0730437,0.0997333,0.00729787,0.0749166,0.1
43.6,4.34202,0.00512034,0.0768375,0.0997049,0.00767619,0.0768375,0.1
43.65,4.34701,0.00551381,0.0807274,0.0996743,0.00806398,0.0787585,0.1
43.7,4.35199,0.0059269,0.0847134,0.0996414,0.00846121,0.0806794,0.1
43.75,4.35697,0.00636008,0.0887954,0.099606,0.00886787,0.0826003,0.1
43.8,4.36195,0.00681384,0.0929734,0.0995681,0.00928395,0.0845213,0.1
43.85,4.36693,0.00728864,0.0972475,0.0995275,0.00970943,0.0864422,0.1
43.9,4.3719,0.00778494,0.101618,0.0994841,0.0101443,0.0883632,0.1
43.95,4.37688,0.00830322,0.106084,0.0994378,0.0105885,0.0902841,0.1
44,4.38185,0.00884395,0.110646,0.0993885,0.011042,0.092205,0.1
44.05,4.38681,0.00940758,0.115304,0.099336,0.0115049,0.094126,0.1
44.1,4.39178,0.00999459,0.120059,0.0992802,0.011977,0.0960469,0.1
44.15,4.39674,0.0106054,0.124909,0.0992209,0.0124584,0.0979678,0.1
44.2,4.4017,0.0112406,0.129855,0.0991581,0.0129491,0.0998888,0.1
44.25,4.40666,0.0119005,0.134898,0.0990915,0.0134489,0.10181,0.1
44.3,4.41161,0.0125856,0.140036,0.0990211,0.0139579,0.103731,0.1
44.35,4.41656,0.0132964,0.145271,0.0989467,0.0144761,0.105652,0.1
44.4,4.42151,0.0140334,0.150602,0.0988681,0.0150033,0.107573,0.1
44.45,4.42645,0.0147969,0.156028,0.0987852,0.0155396,0.109493,0.1
44.5,4.43138,0.0155875,0.161551,0.0986979,0.0160849,0.111414,0.1
44.55,4.43632,0.0164056,0.16717,0.098606,0.0166392,0.113335,0.1
44.6,4.44124,0.0172516,0.172884,0.0985093,0.0172024,0.115256,0.1
44.65,4.44617,0.018126,0.178695,0.0984076,0.0177746,0.117177,0.1
44.7,4.45109,0.0190292,0.184602,0.0983009,0.0183555,0.119098,0.1
44.75,4.456,0.0199617,0.190605,0.098189,0.0189453,0.121019,0.1
44.8,4.4609,0.0209238,0.196704,0.0980716,0.0195438,0.12294,0.1
44.85,4.4658,0.0219162,0.202899,0.0979487,0.020151,0.124861,0.1
44.9,4.4707,0.0229391,0.20919,0.0978199,0.0207668,0.126782,0.1
44.95,4.47559,0.023993,0.215577,0.0976853,0.0213911,0.128703,0.1
45,4.48047,0.0250783,0.22206,0.0975446,0.022024,0.130624,0.1
45.05,4.48534,0.0261955,0.22864,0.0973976,0.0226653,0.132545,0.1
45.1,4.49021,0.027345,0.235315,0.0972441,0.0233149,0.134466,0.1
45.15,4.49507,0.0285272,0.242086,0.097084,0.0239729,0.136387,0.1
45.2,4.49992,0.0297424,0.248954,0.0969171,0.024639,0.138308,0.1
45.25,4.50476,0.0309912,0.255917,0.0967432,0.0253133,0.140228,0.1
45.3,4.50959,0.0322739,0.262976,0.0965621,0.0259956,0.142149,0.1
45.35,4.51441,0.0335909,0.270132,0.0963736,0.0266859,0.14407,0.1
45.4,4.51923,0.0349426,0.277383,0.0961775,0.027384,0.145991,0.1
45.45,4.52403,0.0363294,0.284731,0.0959737,0.0280899,0.147912,0.1
45.5,4.52882,0.0377517,0.292175,0.095762,0.0288035,0.149833,0.1
45.55,4.53361,0.0392099,0.299714,0.0955421,0.0295247,0.151754,0.1
45.6,4.53838,0.0407043,0.30735,0.0953139,0.0302534,0.153675,0.1
45.65,4.54314,0.0422354,0.315082,0.0950771,0.0309894,0.155596,0.1
45.7,4.54789,0.0438034,0.32291,0.0948316,0.0317327,0.157517,0.1
45.75,4.55262,0.0454088,0.330834,0.0945772,0.0324832,0.159438,0.1
45.8,4.55734,0.0470518,0.338853,0.0943136,0.0332406,0.161359,0.1
45.85,4.56205,0.0487329,0.346969,0.0940408,0.0340049,0.16328,0.1
45.9,4.56675,0.0504524,0.355181,0.0937583,0.034776,0.165201,0.1
45.95,4.57143,0.0522107,0.36349,0.0934662,0.0355538,0.167122,0.1
46,4.57609,0.0540079,0.371894,0.0931641,0.036338,0.169043,0.1
46.05,4.58074,0.0558446,0.380394,0.0928519,0.0371286,0.170963,0.1
46.1,4.58538,0.0577209,0.38899,0.0925293,0.0379254,0.172884,0.1
46.15,4.59,0.0596372,0.397682,0.0921961,0.0387282,0.174805,0.1
46.2,4.5946,0.0615938,0.40647,0.0918522,0.039537,0.176726,0.1
46.25,4.59918,0.063591,0.415355,0.0914973,0.0403515,0.178647,0.1
46.3,4.60375,0.065629,0.424335,0.0911313,0.0411715,0.180568,0.1
46.35,4.60829,0.0677082,0.433412,0.0907538,0.0419969,0.182489,0.1
46.4,4.61282,0.0698288,0.442584,0.0903648,0.0428276,0.18441,0.1
46.45,4.61733,0.0719911,0.451853,0.089964,0.0436633,0.186331,0.1
46.5,4.62182,0.0741952,0.461217,0.0895511,0.0445038,0.188252,0.1
46.55,4.62629,0.0764415,0.470678,0.0891261,0.0453491,0.190173,0.1
46.6,4.63073,0.0787302,0.480235,0.0886887,0.0461987,0.192094,0.1
46.65,4.63515,0.0810615,0.489887,0.0882386,0.0470526,0.194015,0.1
46.7,4.63956,0.0834356,0.499636,0.0877757,0.0479106,0.195936,0.1
46.75,4.64393,0.0858526,0.509481,0.0872998,0.0487724,0.197857,0.1
46.8,4.64829,0.0883129,0.519422,0.0868106,0.0496378,0.199778,0.1
46.85,4.65261,0.0908165,0.529459,0.0863081,0.0505066,0.201698,0.1
46.9,4.65692,0.0933636,0.539592,0.0857919,0.0513786,0.203619,0.1
46.95,4.66119,0.0959544,0.549821,0.0852618,0.0522534,0.20554,0.1
47,4.66544,0.098589,0.560146,0.0847178,0.053131,0.207461,0.1
47.05,4.66966,0.101267,0.570567,0.0841595,0.0540109,0.209382,0.1
47.1,4.67386,0.10399,0.581084,0.0835868,0.054893,0.211303,0.1
47.15,4.67802,0.106757,0.591697,0.0829995,0.055777,0.213224,0.1
47.2,4.68216,0.109568,0.602406,0.0823975,0.0566627,0.215145,0.1
47.25,4.68626,0.112423,0.613211,0.0817804,0.0575497,0.217066,0.1
47.3,4.69033,0.115323,0.624113,0.0811482,0.0584378,0.218987,0.1
47.35,4.69438,0.118267,0.63511,0.0805006,0.0593266,0.220908,0.1
47.4,4.69838,0.121255,0.646204,0.0798376,0.060216,0.222829,0.1
47.45,4.70236,0.124289,0.657393,0.0791588,0.0611055,0.22475,0.1
47.5,4.7063,0.127366,0.668679,0.0784642,0.061995,0.226671,0.1
47.55,4.71021,0.130488,0.68006,0.0777535,0.062884,0.228592,0.1
47.6,4.71408,0.133654,0.691538,0.0770266,0.0637722,0.230513,0.1
47.65,4.71791,0.136865,0.703111,0.0762834,0.0646594,0.232434,0.1
47.7,4.7217,0.14012,0.714781,0.0755237,0.0655452,0.234354,0.1
47.75,4.72546,0.14342,0.726547,0.0747473,0.0664292,0.236275,0.1
47.8,4.72918,0.146763,0.738409,0.0739541,0.0673112,0.238196,0.1
47.85,4.73286,0.150151,0.750366,0.0731439,0.0681907,0.240117,0.1
47.9,4.73649,0.153582,0.76242,0.0723166,0.0690674,0.242038,0.1
47.95,4.74009,0.157057,0.77457,0.0714722,0.0699409,0.243959,0.1
48,4.74364,0.160576,0.786816,0.0706103,0.0708109,0.24588,0.1
48.05,4.74715,0.164138,0.799158,0.069731,0.0716769,0.247801,0.1
48.1,4.75061,0.167744,0.811596,0.0688341,0.0725387,0.249722,0.1
48.15,4.75403,0.171392,0.82413,0.0679195,0.0733957,0.251643,0.1
48.2,4.7574,0.175083,0.836761,0.0669871,0.0742477,0.253564,0.1
48.25,4.76073,0.178817,0.849487,0.0660369,0.0750942,0.255485,0.1
48.3,4.76401,0.182593,0.862309,0.0650686,0.0759347,0.257406,0.1
48.35,4.76724,0.18641,0.875227,0.0640822,0.0767689,0.259327,0.1
48.4,4.77041,0.19027,0.888232,0.0630785,0.0775958,0.260027,0.1
48.45,4.77354,0.19417,0.901185,0.0620681,0.0784063,0.258106,0.1
48.5,4.77662,0.19811,0.914043,0.0610549,0.0791978,0.256185,0.1
48.55,4.77965,0.20209,0.926804,0.0600393,0.0799705,0.254264,0.1
48.6,4.78263,0.206107,0.939469,0.0590217,0.0807245,0.252343,0.1
48.65,4.78555,0.210162,0.952038,0.0580024,0.0814599,0.250422,0.1
48.7,4.78843,0.214253,0.964511,0.0569819,0.0821771,0.248501,0.1
48.75,4.79125,0.21838,0.976888,0.0559604,0.082876,0.24658,0.1
48.8,4.79402,0.222541,0.989169,0.0549384,0.083557,0.244659,0.1
48.85,4.79674,0.226735,1.00135,0.0539162,0.0842202,0.242738,0.1
48.9,4.79941,0.230963,1.01344,0.0528942,0.0848658,0.240817,0.1
48.95,4.80203,0.235222,1.02544,0.0518726,0.085494,0.238896,0.1
49,4.8046,0.239512,1.03733,0.0508519,0.0861051,0.236976,0.1
49.05,4.80712,0.243833,1.04913,0.0498322,0.0866992,0.235055,0.1
49.1,4.80958,0.248182,1.06084,0.0488141,0.0872765,0.233134,0.1
49.15,4.812,0.25256,1.07245,0.0477976,0.0878373,0.231213,0.1
49.2,4.81436,0.256966,1.08396,0.0467833,0.0883817,0.229292,0.1
49.25,4.81668,0.261398,1.09538,0.0457712,0.08891,0.227371,0.1
49.3,4.81894,0.265857,1.1067,0.0447618,0.0894225,0.22545,0.1
49.35,4.82115,0.270341,1.11792,0.0437553,0.0899193,0.223529,0.1
49.4,4.82332,0.274849,1.12905,0.0427519,0.0904006,0.221608,0.1
49.45,4.82543,0.279381,1.14008,0.041752,0.0908668,0.219687,0.1
49.5,4.82749,0.283935,1.15102,0.0407558,0.0913179,0.217766,0.1
49.55,4.8295,0.288512,1.16186,0.0397635,0.0917544,0.215845,0.1
49.6,4.83147,0.293111,1.1726,0.0387754,0.0921763,0.213924,0.1
49.65,4.83338,0.29773,1.18325,0.0377917,0.0925839,0.212003,0.1
49.7,4.83525,0.302369,1.1938,0.0368127,0.0929776,0.210082,0.1
49.75,4.83706,0.307028,1.20426,0.0358385,0.0933574,0.208161,0.1
49.8,4.83883,0.311705,1.21462,0.0348694,0.0937237,0.206241,0.1
49.85,4.84055,0.3164,1.22488,0.0339056,0.0940766,0.20432,0.1
49.9,4.84222,0.321113,1.23505,0.0329473,0.0944165,0.202399,0.1
49.95,4.84384,0.325842,1.24512,0.0319947,0.0947436,0.200478,0.1
50,4.84542,0.330587,1.2551,0.0310479,0.095058,0.198557,0.1
50.05,4.84695,0.335348,1.26498,0.0301073,0.0953601,0.196636,0.1
50.1,4.84843,0.340123,1.27476,0.0291729,0.0956501,0.194715,0.1
50.15,4.84987,0.344913,1.28445,0.0282449,0.0959282,0.192794,0.1
50.2,4.85126,0.349716,1.29404,0.0273235,0.0961947,0.190873,0.1
50.25,4.8526,0.354532,1.30354,0.0264089,0.0964498,0.188952,0.1
50.3,4.8539,0.359361,1.31294,0.0255011,0.0966938,0.187031,0.1
50.35,4.85515,0.364202,1.32224,0.0246004,0.0969269,0.18511,0.1
50.4,4.85636,0.369054,1.33145,0.0237069,0.0971493,0.183189,0.1
50.45,4.85752,0.373916,1.34056,0.0228208,0.0973612,0.181268,0.1
50.5,4.85864,0.37879,1.34957,0.0219421,0.097563,0.179347,0.1
50.55,4.85971,0.383673,1.35849,0.0210711,0.0977548,0.177426,0.1
50.6,4.86075,0.388565,1.36732,0.0202077,0.097937,0.175506,0.1
50.65,4.86174,0.393466,1.37604,0.0193523,0.0981096,0.173585,0.1
50.7,4.86268,0.398376,1.38468,0.0185048,0.098273,0.171664,0.1
50.75,4.86359,0.403294,1.39321,0.0176653,0.0984273,0.169743,0.1
50.8,4.86445,0.408219,1.40165,0.0168341,0.0985729,0.167822,0.1
50.85,4.86527,0.413151,1.40999,0.0160111,0.0987099,0.165901,0.1
50.9,4.86605,0.41809,1.41824,0.0151965,0.0988386,0.16398,0.1
50.95,4.86679,0.423035,1.42639,0.0143904,0.0989592,0.162059,0.1
51,4.86749,0.427986,1.43445,0.0135928,0.0990719,0.160138,0.1
51.05,4.86815,0.432942,1.44241,0.0128039,0.0991769,0.158217,0.1
51.1,4.86877,0.437904,1.45027,0.0120237,0.0992745,0.156296,0.1
51.15,4.86935,0.44287,1.45803,0.0112523,0.0993649,0.154375,0.1
51.2,4.86989,0.44784,1.46571,0.0104897,0.0994483,0.152454,0.1
51.25,4.8704,0.452814,1.47328,0.00973616,0.0995249,0.150533,0.1
51.3,4.87087,0.457792,1.48076,0.00899158,0.0995949,0.148612,0.1
51.35,4.8713,0.462774,1.48814,0.00825608,0.0996586,0.146691,0.1
51.4,4.87169,0.467758,1.49543,0.0075297,0.0997161,0.144771,0.1
51.45,4.87205,0.472746,1.50262,0.0068125,0.0997677,0.14285,0.1
51.5,4.87237,0.477735,1.50971,0.00610454,0.0998135,0.140929,0.1
51.55,4.87266,0.482727,1.51671,0.00540586,0.0998538,0.139008,0.1
51.6,4.87291,0.48772,1.52361,0.00471651,0.0998887,0.137087,0.1
51.65,4.87313,0.492716,1.53042,0.00403653,0.0999185,0.135166,0.1
51.7,4.87332,0.497712,1.53713,0.00336596,0.0999433,0.133245,0.1
51.75,4.87347,0.50271,1.54374,0.00270485,0.0999634,0.131324,0.1
51.8,4.87359,0.507709,1.55026,0.00205322,0.0999789,0.129403,0.1
51.85,4.87368,0.512708,1.55668,0.0014111,0.09999,0.127482,0.1
51.9,4.87373,0.517708,1.56301,0.000778532,0.099997,0.125561,0.1
51.95,4.87375,0.522708,1.56924,0.000155536,0.0999999,0.12364,0.1
52,4.87375,0.527708,1.57537,-0.000457861,0.099999,0.121719,0.1
52.05,4.87371,0.532708,1.58141,-0.00106164,0.0999944,0.119798,0.1
52.1,4.87364,0.537707,1.58735,-0.00165577,0.0999863,0.117877,0.1
52.15,4.87354,0.542706,1.5932,-0.00224024,0.0999749,0.115956,0.1
52.2,4.87342,0.547705,1.59895,-0.00281504,0.0999604,0.114035,0.1
52.25,4.87326,0.552702,1.6046,-0.00338014,0.0999429,0.112115,0.1
52.3,4.87308,0.557699,1.61016,-0.00393554,0.0999225,0.110194,0.1
52.35,4.87287,0.562694,1.61562,-0.00448122,0.0998995,0.108273,0.1
52.4,4.87263,0.567689,1.62099,-0.00501718,0.0998741,0.106352,0.1
52.45,4.87237,0.572682,1.62626,-0.0055434,0.0998462,0.104431,0.1
52.5,4.87207,0.577673,1.63143,-0.00605988,0.0998162,0.10251,0.1
52.55,4.87176,0.582664,1.63651,-0.00656661,0.0997842,0.100589,0.1
52.6,4.87142,0.587652,1.64149,-0.00706359,0.0997502,0.098668,0.1
52.65,4.87105,0.592639,1.64638,-0.00755082,0.0997145,0.0967471,0.1
52.7,4.87066,0.597623,1.65117,-0.0080283,0.0996772,0.0948261,0.1
52.75,4.87025,0.602606,1.65586,-0.00849602,0.0996384,0.0929052,0.1
52.8,4.86981,0.607587,1.66046,-0.00895399,0.0995983,0.0909842,0.1
52.85,4.86935,0.612566,1.66496,-0.00940221,0.099557,0.0890633,0.1
52.9,4.86887,0.617543,1.66936,-0.00984068,0.0995146,0.0871424,0.1
52.95,4.86837,0.622518,1.67367,-0.0102694,0.0994713,0.0852214,0.1
53,4.86785,0.62749,1.67788,-0.0106884,0.0994272,0.0833005,0.1
53.05,4.8673,0.63246,1.682,-0.0110976,0.0993823,0.0813796,0.1
53.1,4.86674,0.637428,1.68602,-0.0114972,0.0993369,0.0794586,0.1
53.15,4.86615,0.642394,1.68995,-0.011887,0.099291,0.0775377,0.1
53.2,4.86555,0.647357,1.69378,-0.012267,0.0992447,0.0756167,0.1
53.25,4.86493,0.652318,1.69751,-0.0126374,0.0991983,0.0736958,0.1
53.3,4.86428,0.657277,1.70115,-0.0129981,0.0991516,0.0717749,0.1
53.35,4.86363,0.662234,1.70469,-0.0133491,0.099105,0.0698539,0.1
53.4,4.86295,0.667188,1.70813,-0.0136904,0.0990584,0.067933,0.1
53.45,4.86226,0.672139,1.71148,-0.014022,0.099012,0.066012,0.1
53.5,4.86155,0.677089,1.71473,-0.014344,0.0989659,0.0640911,0.1
53.55,4.86082,0.682036,1.71789,-0.0146563,0.0989201,0.0621702,0.1
53.6,4.86008,0.686981,1.72095,-0.014959,0.0988748,0.0602492,0.1
53.65,4.85933,0.691924,1.72391,-0.015252,0.09883,0.0583283,0.1
53.7,4.85856,0.696864,1.72678,-0.0155354,0.0987859,0.0564074,0.1
53.75,4.85777,0.701802,1.72955,-0.0158093,0.0987424,0.0544864,0.1
53.8,4.85698,0.706738,1.73223,-0.0160735,0.0986998,0.0525655,0.1
53.85,4.85617,0.711672,1.73481,-0.0163281,0.098658,0.0506445,0.1
53.9,4.85534,0.716604,1.7373,-0.0165731,0.0986171,0.0487236,0.1
53.95,4.85451,0.721534,1.73968,-0.0168086,0.0985772,0.0468027,0.1
54,4.85366,0.726462,1.74198,-0.0170345,0.0985385,0.0448817,0.1
54.05,4.8528,0.731388,1.74417,-0.0172508,0.0985008,0.0429608,0.1
54.1,4.85194,0.736312,1.74627,-0.0174577,0.0984644,0.0410399,0.1
54.15,4.85106,0.741234,1.74828,-0.0176549,0.0984292,0.0391189,0.1
54.2,4.85017,0.746155,1.75018,-0.0178427,0.0983953,0.037198,0.1
54.25,4.84927,0.751074,1.752,-0.018021,0.0983628,0.035277,0.1
54.3,4.84837,0.755991,1.75371,-0.0181897,0.0983318,0.0333561,0.1
54.35,4.84746,0.760907,1.75533,-0.018349,0.0983022,0.0314352,0.1
54.4,4.84653,0.765821,1.75686,-0.0184987,0.0982741,0.0295142,0.1
54.45,4.84561,0.770734,1.75828,-0.018639,0.0982476,0.0275933,0.1
54.5,4.84467,0.775646,1.75961,-0.0187698,0.0982227,0.0256723,0.1
54.55,4.84373,0.780556,1.76085,-0.0188912,0.0981994,0.0237514,0.1
54.6,4.84278,0.785466,1.76199,-0.0190031,0.0981778,0.0218305,0.1
54.65,4.84183,0.790374,1.76303,-0.0191055,0.0981579,0.0199095,0.1
54.7,4.84087,0.795282,1.76398,-0.0191985,0.0981398,0.0179886,0.1
54.75,4.83991,0.800188,1.76483,-0.019282,0.0981234,0.0160677,0.1
54.8,4.83894,0.805094,1.76559,-0.0193561,0.0981088,0.0141467,0.1
54.85,4.83797,0.809999,1.76625,-0.0194208,0.098096,0.0122258,0.1
54.9,4.837,0.814904,1.76681,-0.0194761,0.0980851,0.0103048,0.1
54.95,4.83603,0.819808,1.76728,-0.0195219,0.098076,0.0083839,0.1
55,4.83505,0.824711,1.76765,-0.0195583,0.0980687,0.00646296,0.1
55.05,4.83407,0.829614,1.76792,-0.0195853,0.0980633,0.00454203,0.1
55.1,4.83309,0.834518,1.7681,-0.0196028,0.0980598,0.00262109,0.1
55.15,4.83211,0.83942,1.76819,-0.019611,0.0980582,0.000700151,0.1
55.2,4.83078,0.846103,1.76819,-0.0196116,0.0980581,0,0.1
55.25,4.8298,0.851006,1.76819,-0.0196116,0.0980581,0,0.1
55.3,4.82882,0.855909,1.76819,-0.0196116,0.0980581,0,0.1
55.35,4.82784,0.860812,1.76819,-0.0196116,0.0980581,0,0.1
55.4,4.82686,0.865715,1.76819,-0.0196116,0.0980581,0,0.1
55.45,4.82588,0.870618,1.76819,-0.0196116,0.0980581,0,0.1
55.5,4.8249,0.875521,1.76819,-0.0196116,0.0980581,0,0.1
55.55,4.82392,0.880424,1.76819,-0.0196116,0.0980581,0,0.1
55.6,4.82293,0.885327,1.76819,-0.0196116,0.0980581,0,0.1
55.65,4.82195,0.89023,1.76819,-0.0196116,0.0980581,0,0.1
55.7,4.82097,0.895132,1.76819,-0.0196116,0.0980581,0,0.1
55.75,4.81999,0.900035,1.76819,-0.0196116,0.0980581,0,0.1
55.8,4.81901,0.904938,1.76819,-0.0196116,0.0980581,0,0.1
55.85,4.81803,0.909841,1.76819,-0.0196116,0.0980581,0,0.1
55.9,4.81705,0.914744,1.76819,-0.0196116,0.0980581,0,0.1
55.95,4.81607,0.919647,1.76819,-0.0196116,0.0980581,0,0.1
56,4.81509,0.92455,1.76819,-0.0196116,0.0980581,0,0.1
56.05,4.81411,0.929453,1.76819,-0.0196116,0.0980581,0,0.1
56.1,4.81313,0.934356,1.76819,-0.0196116,0.0980581,0,0.1
56.15,4.81215,0.939259,1.76819,-0.0196116,0.0980581,0,0.1
56.2,4.81117,0.944162,1.76819,-0.0196116,0.0980581,0,0.1
56.25,4.81019,0.949064,1.76819,-0.0196116,0.0980581,0,0.1
56.3,4.80921,0.953967,1.76819,-0.0196116,0.0980581,0,0.1
56.35,4.80823,0.95887,1.76819,-0.0196116,0.0980581,0,0.1
56.4,4.80725,0.963773,1.76819,-0.0196116,0.0980581,0,0.1
56.45,4.80626,0.968676,1.76819,-0.0196116,0.0980581,0,0.1
56.5,4.80528,0.973579,1.76819,-0.0196116,0.0980581,0,0.1
56.55,4.8043,0.978482,1.76819,-0.0196116,0.0980581,0,0.1
56.6,4.80332,0.983385,1.76819,-0.0196116,0.0980581,0,0.1
56.65,4.80234,0.988288,1.76819,-0.0196116,0.0980581,0,0.1
56.7,4.80136,0.993191,1.76819,-0.0196116,0.0980581,0,0.1
56.75,4.80038,0.998093,1.76819,-0.0196116,0.0980581,0,0.1
56.8,4.7994,1.003,1.76819,-0.0196116,0.0980581,0,0.1
56.85,4.79842,1.0079,1.76819,-0.0196116,0.0980581,0,0.1
56.9,4.79744,1.0128,1.76819,-0.0196116,0.0980581,0,0.1
56.95,4.79646,1.01771,1.76819,-0.0196116,0.0980581,0,0.1
57,4.79548,1.02261,1.76819,-0.0196116,0.0980581,0,0.1
57.05,4.7945,1.02751,1.76819,-0.0196116,0.0980581,0,0.1
57.1,4.79352,1.03241,1.76819,-0.0196116,0.0980581,0,0.1
57.15,4.79254,1.03732,1.76819,-0.0196116,0.0980581,0,0.1
57.2,4.79156,1.04222,1.76819,-0.0196116,0.0980581,0,0.1
57.25,4.79058,1.04712,1.76819,-0.0196116,0.0980581,0,0.1
57.3,4.78959,1.05203,1.76819,-0.0196116,0.0980581,0,0.1
57.35,4.78861,1.05693,1.76819,-0.0196116,0.0980581,0,0.1
57.4,4.78763,1.06183,1.76819,-0.0196116,0.0980581,0,0.1
57.45,4.78665,1.06673,1.76819,-0.0196116,0.0980581,0,0.1
57.5,4.78567,1.07164,1.76819,-0.0196116,0.0980581,0,0.1
57.55,4.78469,1.07654,1.76819,-0.0196116,0.0980581,0,0.1
57.6,4.78371,1.08144,1.76819,-0.0196116,0.0980581,0,0.1
57.65,4.78273,1.08635,1.76819,-0.0196116,0.0980581,0,0.1
57.7,4.78175,1.09125,1.76819,-0.0196116,0.0980581,0,0.1
57.75,4.78077,1.09615,1.76819,-0.0196116,0.0980581,0,0.1
57.8,4.77979,1.10105,1.76819,-0.0196116,0.0980581,0,0.1
57.85,4.77881,1.10596,1.76819,-0.0196116,0.0980581,0,0.1
57.9,4.77783,1.11086,1.76819,-0.0196116,0.0980581,0,0.1
57.95,4.77685,1.11576,1.76819,-0.0196116,0.0980581,0,0.1
58,4.77587,1.12067,1.76819,-0.0196116,0.0980581,0,0.1
58.05,4.77489,1.12557,1.76819,-0.0196116,0.0980581,0,0.1
58.1,4.77391,1.13047,1.76819,-0.0196116,0.0980581,0,0.1
58.15,4.77293,1.13537,1.76819,-0.0196116,0.0980581,0,0.1
58.2,4.77194,1.14028,1.76819,-0.0196116,0.0980581,0,0.1
58.25,4.77096,1.14518,1.76819,-0.0196116,0.0980581,0,0.1
58.3,4.76998,1.15008,1.76819,-0.0196116,0.0980581,0,0.1
58.35,4.769,1.15499,1.76819,-0.0196116,0.0980581,0,0.1
58.4,4.76802,1.15989,1.76819,-0.0196116,0.0980581,0,0.1
58.45,4.76704,1.16479,1.76819,-0.0196116,0.0980581,0,0.1
58.5,4.76606,1.1697,1.76819,-0.0196116,0.0980581,0,0.1
58.55,4.76508,1.1746,1.76819,-0.0196116,0.0980581,0,0.1
58.6,4.7641,1.1795,1.76819,-0.0196116,0.0980581,0,0.1
58.65,4.76312,1.1844,1.76819,-0.0196116,0.0980581,0,0.1
58.7,4.76214,1.18931,1.76819,-0.0196116,0.0980581,0,0.1
58.75,4.76116,1.19421,1.76819,-0.0196116,0.0980581,0,0.1
58.8,4.76018,1.19911,1.76819,-0.0196116,0.0980581,0,0.1
58.85,4.7592,1.20402,1.76819,-0.0196116,0.0980581,0,0.1
58.9,4.75822,1.20892,1.76819,-0.0196116,0.0980581,0,0.1
58.95,4.75724,1.21382,1.76819,-0.0196116,0.0980581,0,0.1
59,4.75626,1.21872,1.76819,-0.0196116,0.0980581,0,0.1
59.05,4.75527,1.22363,1.76819,-0.0196116,0.0980581,0,0.1
59.1,4.75429,1.22853,1.76819,-0.0196116,0.0980581,0,0.1
59.15,4.75331,1.23343,1.76819,-0.0196116,0.0980581,0,0.1
59.2,4.75233,1.23834,1.76819,-0.0196116,0.0980581,0,0.1
59.25,4.75135,1.24324,1.76819,-0.0196116,0.0980581,0,0.1
59.3,4.75037,1.24814,1.76819,-0.0196116,0.0980581,0,0.1
59.35,4.74939,1.25304,1.76819,-0.0196116,0.0980581,0,0.1
59.4,4.74841,1.25795,1.76819,-0.0196116,0.0980581,0,0.1
59.45,4.74743,1.26285,1.76819,-0.0196116,0.0980581,0,0.1
59.5,4.74645,1.26775,1.76819,-0.0196116,0.0980581,0,0.1
59.55,4.74547,1.27266,1.76819,-0.0196116,0.0980581,0,0.1
59.6,4.74449,1.27756,1.76819,-0.0196116,0.0980581,0,0.1
59.65,4.74351,1.28246,1.76819,-0.0196116,0.0980581,0,0.1
59.7,4.74253,1.28736,1.76819,-0.0196116,0.0980581,0,0.1
59.75,4.74155,1.29227,1.76819,-0.0196116,0.0980581,0,0.1
59.8,4.74057,1.29717,1.76819,-0.0196116,0.0980581,0,0.1
59.85,4.73959,1.30207,1.76819,-0.0196116,0.0980581,0,0.1
59.9,4.7386,1.30698,1.76819,-0.0196116,0.0980581,0,0.1
59.95,4.73762,1.31188,1.76819,-0.0196116,0.0980581,0,0.1
60,4.73664,1.31678,1.76819,-0.0196116,0.0980581,0,0.1
60.05,4.73566,1.32169,1.76819,-0.0196116,0.0980581,0,0.1
60.1,4.73468,1.32659,1.76819,-0.0196116,0.0980581,0,0.1
60.15,4.7337,1.33149,1.76819,-0.0196116,0.0980581,0,0.1
60.2,4.73272,1.33639,1.76819,-0.0196116,0.0980581,0,0.1
60.25,4.73174,1.3413,1.76819,-0.0196116,0.0980581,0,0.1
60.3,4.73076,1.3462,1.76819,-0.0196116,0.0980581,0,0.1
60.35,4.72978,1.3511,1.76819,-0.0196116,0.0980581,0,0.1
60.4,4.7288,1.35601,1.76819,-0.0196116,0.0980581,0,0.1
60.45,4.72782,1.36091,1.76819,-0.0196116,0.0980581,0,0.1
60.5,4.72684,1.36581,1.76819,-0.0196116,0.0980581,0,0.1
60.55,4.72586,1.37071,1.76819,-0.0196116,0.0980581,0,0.1
60.6,4.72488,1.37562,1.76819,-0.0196116,0.0980581,0,0.1
60.65,4.7239,1.38052,1.76819,-0.0196116,0.0980581,0,0.1
60.7,4.72292,1.38542,1.76819,-0.0196116,0.0980581,0,0.1
60.75,4.72193,1.39033,1.76819,-0.0196116,0.0980581,0,0.1
60.8,4.72095,1.39523,1.76819,-0.0196116,0.0980581,0,0.1
60.85,4.71997,1.40013,1.76819,-0.0196116,0.0980581,0,0.1
60.9,4.71899,1.40503,1.76819,-0.0196116,0.0980581,0,0.1
60.95,4.71801,1.40994,1.76819,-0.0196116,0.0980581,0,0.1
61,4.71703,1.41484,1.76819,-0.0196116,0.0980581,0,0.1
61.05,4.71605,1.41974,1.76819,-0.0196116,0.0980581,0,0.1
61.1,4.71507,1.42465,1.76819,-0.0196116,0.0980581,0,0.1
61.15,4.71409,1.42955,1.76819,-0.0196116,0.0980581,0,0.1
61.2,4.71311,1.43445,1.76819,-0.0196116,0.0980581,0,0.1
61.25,4.71213,1.43935,1.76819,-0.0196116,0.0980581,0,0.1
61.3,4.71115,1.44426,1.76819,-0.0196116,0.0980581,0,0.1
61.35,4.71017,1.44916,1.76819,-0.0196116,0.0980581,0,0.1
61.4,4.70919,1.45406,1.76819,-0.0196116,0.0980581,0,0.1
61.45,4.70821,1.45897,1.76819,-0.0196116,0.0980581,0,0.1
61.5,4.70723,1.46387,1.76819,-0.0196116,0.0980581,0,0.1
61.55,4.70625,1.46877,1.76819,-0.0196116,0.0980581,0,0.1
61.6,4.70526,1.47368,1.76819,-0.0196116,0.0980581,0,0.1
61.65,4.70428,1.47858,1.76819,-0.0196116,0.0980581,0,0.1
61.7,4.7033,1.48348,1.76819,-0.0196116,0.0980581,0,0.1
61.75,4.70232,1.48838,1.76819,-0.0196116,0.0980581,0,0.1
61.8,4.70134,1.49329,1.76819,-0.0196116,0.0980581,0,0.1
61.85,4.70036,1.49819,1.76819,-0.0196116,0.0980581,0,0.1
61.9,4.69938,1.50309,1.76819,-0.0196116,0.0980581,0,0.1
61.95,4.6984,1.508,1.76819,-0.0196116,0.0980581,0,0.1
62,4.69742,1.5129,1.76819,-0.0196116,0.0980581,0,0.1
62.05,4.69644,1.5178,1.76819,-0.0196116,0.0980581,0,0.1
62.1,4.69546,1.5227,1.76819,-0.0196116,0.0980581,0,0.1
62.15,4.69448,1.52761,1.76819,-0.0196116,0.0980581,0,0.1
62.2,4.6935,1.53251,1.76819,-0.0196116,0.0980581,0,0.1
62.25,4.69252,1.53741,1.76819,-0.0196116,0.0980581,0,0.1
62.3,4.69154,1.54232,1.76819,-0.0196116,0.0980581,0,0.1
62.35,4.69056,1.54722,1.76819,-0.0196116,0.0980581,0,0.1
62.4,4.68958,1.55212,1.76819,-0.0196116,0.0980581,0,0.1
62.45,4.6886,1.55702,1.76819,-0.0196116,0.0980581,0,0.1
62.5,4.68761,1.56193,1.76819,-0.0196116,0.0980581,0,0.1
62.55,4.68663,1.56683,1.76819,-0.0196116,0.0980581,0,0.1
62.6,4.68565,1.57173,1.76819,-0.0196116,0.0980581,0,0.1
62.65,4.68467,1.57664,1.76819,-0.0196116,0.0980581,0,0.1
62.7,4.68369,1.58154,1.76819,-0.0196116,0.0980581,0,0.1
62.75,4.68271,1.58644,1.76819,-0.0196116,0.0980581,0,0.1
62.8,4.68173,1.59134,1.76819,-0.0196116,0.0980581,0,0.1
62.85,4.68075,1.59625,1.76819,-0.0196116,0.0980581,0,0.1
62.9,4.67977,1.60115,1.76819,-0.0196116,0.0980581,0,0.1
62.95,4.67879,1.60605,1.76819,-0.0196116,0.0980581,0,0.1
63,4.67781,1.61096,1.76819,-0.0196116,0.0980581,0,0.1
63.05,4.67683,1.61586,1.76819,-0.0196116,0.0980581,0,0.1
63.1,4.67585,1.62076,1.76819,-0.0196116,0.0980581,0,0.1
63.15,4.67487,1.62567,1.76819,-0.0196116,0.0980581,0,0.1
63.2,4.67389,1.63057,1.76819,-0.0196116,0.0980581,0,0.1
63.25,4.67291,1.63547,1.76819,-0.0196116,0.0980581,0,0.1
63.3,4.67193,1.64037,1.76819,-0.0196116,0.0980581,0,0.1
63.35,4.67094,1.64528,1.76819,-0.0196116,0.0980581,0,0.1
63.4,4.66996,1.65018,1.76819,-0.0196116,0.0980581,0,0.1
63.45,4.66898,1.65508,1.76819,-0.0196116,0.0980581,0,0.1
63.5,4.668,1.65999,1.76819,-0.0196116,0.0980581,0,0.1
63.55,4.66702,1.66489,1.76819,-0.0196116,0.0980581,0,0.1
63.6,4.66604,1.66979,1.76819,-0.0196116,0.0980581,0,0.1
63.65,4.66506,1.67469,1.76819,-0.0196116,0.0980581,0,0.1
63.7,4.66408,1.6796,1.76819,-0.0196116,0.0980581,0,0.1
63.75,4.6631,1.6845,1.76819,-0.0196116,0.0980581,0,0.1
63.8,4.66212,1.6894,1.76819,-0.0196116,0.0980581,0,0.1
63.85,4.66114,1.69431,1.76819,-0.0196116,0.0980581,0,0.1
63.9,4.66016,1.69921,1.76819,-0.0196116,0.0980581,0,0.1
63.95,4.65918,1.70411,1.76819,-0.0196116,0.0980581,0,0.1
64,4.6582,1.70901,1.76819,-0.0196116,0.0980581,0,0.1
64.05,4.65722,1.71392,1.76819,-0.0196116,0.0980581,0,0.1
64.1,4.65624,1.71882,1.76819,-0.0196116,0.0980581,0,0.1
64.15,4.65526,1.72372,1.76819,-0.0196116,0.0980581,0,0.1
64.2,4.65427,1.72863,1.76819,-0.0196116,0.0980581,0,0.1
64.25,4.65329,1.73353,1.76819,-0.0196116,0.0980581,0,0.1
64.3,4.65231,1.73843,1.76819,-0.0196116,0.0980581,0,0.1
64.35,4.65133,1.74333,1.76819,-0.0196116,0.0980581,0,0.1
64.4,4.65035,1.74824,1.76819,-0.0196116,0.0980581,0,0.1
64.45,4.64937,1.75314,1.76819,-0.0196116,0.0980581,0,0.1
64.5,4.64839,1.75804,1.76819,-0.0196116,0.0980581,0,0.1
64.55,4.64741,1.76295,1.76819,-0.0196116,0.0980581,0,0.1
64.6,4.64643,1.76785,1.76819,-0.0196116,0.0980581,0,0.1
64.65,4.64545,1.77275,1.76819,-0.0196116,0.0980581,0,0.1
64.7,4.64447,1.77766,1.76819,-0.0196116,0.0980581,0,0.1
64.75,4.64349,1.78256,1.76819,-0.0196116,0.0980581,0,0.1
64.8,4.64251,1.78746,1.76819,-0.0196116,0.0980581,0,0.1
64.85,4.64153,1.79236,1.76819,-0.0196116,0.0980581,0,0.1
64.9,4.64055,1.79727,1.76819,-0.0196116,0.0980581,0,0.1
64.95,4.63957,1.80217,1.76819,-0.0196116,0.0980581,0,0.1
65,4.63859,1.80707,1.76819,-0.0196116,0.0980581,0,0.1
65.05,4.6376,1.81198,1.76819,-0.0196116,0.0980581,0,0.1
65.1,4.63662,1.81688,1.76819,-0.0196116,0.0980581,0,0.1
65.15,4.63564,1.82178,1.76819,-0.0196116,0.0980581,0,0.1
65.2,4.63466,1.82668,1.76819,-0.0196116,0.0980581,0,0.1
65.25,4.63368,1.83159,1.76819,-0.0196116,0.0980581,0,0.1
65.3,4.6327,1.83649,1.76819,-0.0196116,0.0980581,0,0.1
65.35,4.63172,1.84139,1.76819,-0.0196116,0.0980581,0,0.1
65.4,4.63074,1.8463,1.76819,-0.0196116,0.0980581,0,0.1
65.45,4.62976,1.8512,1.76819,-0.0196116,0.0980581,0,0.1
65.5,4.62878,1.8561,1.76819,-0.0196116,0.0980581,0,0.1
65.55,4.6278,1.861,1.76819,-0.0196116,0.0980581,0,0.1
65.6,4.62682,1.86591,1.76819,-0.0196116,0.0980581,0,0.1
65.65,4.62584,1.87081,1.76819,-0.0196116,0.0980581,0,0.1
65.7,4.62486,1.87571,1.76819,-0.0196116,0.0980581,0,0.1
65.75,4.62388,1.88062,1.76819,-0.0196116,0.0980581,0,0.1
65.8,4.6229,1.88552,1.76819,-0.0196116,0.0980581,0,0.1
65.85,4.62192,1.89042,1.76819,-0.0196116,0.0980581,0,0.1
65.9,4.62094,1.89532,1.76819,-0.0196116,0.0980581,0,0.1
65.95,4.61995,1.90023,1.76819,-0.0196116,0.0980581,0,0.1
66,4.61897,1.90513,1.76819,-0.0196116,0.0980581,0,0.1
66.05,4.61799,1.91003,1.76819,-0.0196116,0.0980581,0,0.1
66.1,4.61701,1.91494,1.76819,-0.0196116,0.0980581,0,0.1
66.15,4.61603,1.91984,1.76819,-0.0196116,0.0980581,0,0.1
66.2,4.61505,1.92474,1.76819,-0.0196116,0.0980581,0,0.1
66.25,4.61407,1.92965,1.76819,-0.0196116,0.0980581,0,0.1
66.3,4.61309,1.93455,1.76819,-0.0196116,0.0980581,0,0.1
66.35,4.61211,1.93945,1.76819,-0.0196116,0.0980581,0,0.1
66.4,4.61113,1.94435,1.76819,-0.0196116,0.0980581,0,0.1
66.45,4.61015,1.94926,1.76819,-0.0196116,0.0980581,0,0.1
66.5,4.60917,1.95416,1.76819,-0.0196116,0.0980581,0,0.1
66.55,4.60819,1.95906,1.76819,-0.0196116,0.0980581,0,0.1
66.6,4.60721,1.96397,1.76819,-0.0196116,0.0980581,0,0.1
66.65,4.60623,1.96887,1.76819,-0.0196116,0.0980581,0,0.1
66.7,4.60525,1.97377,1.76819,-0.0196116,0.0980581,0,0.1
66.75,4.60427,1.97867,1.76819,-0.0196116,0.0980581,0,0.1
66.8,4.60328,1.98358,1.76819,-0.0196116,0.0980581,0,0.1
66.85,4.6023,1.98848,1.76819,-0.0196116,0.0980581,0,0.1
66.9,4.60132,1.99338,1.76819,-0.0196116,0.0980581,0,0.1
66.95,4.60034,1.99829,1.76819,-0.0196116,0.0980581,0,0.1
67,4.59936,2.00319,1.76819,-0.0196116,0.0980581,0,0.1
67.05,4.59838,2.00809,1.76819,-0.0196116,0.0980581,0,0.1
67.1,4.5974,2.01299,1.76819,-0.0196116,0.0980581,0,0.1
67.15,4.59642,2.0179,1.76819,-0.0196116,0.0980581,0,0.1
67.2,4.59544,2.0228,1.76819,-0.0196116,0.0980581,0,0.1
67.25,4.59446,2.0277,1.76819,-0.0196116,0.0980581,0,0.1
67.3,4.59348,2.03261,1.76819,-0.0196116,0.0980581,0,0.1
67.35,4.5925,2.03751,1.76819,-0.0196116,0.0980581,0,0.1
67.4,4.59152,2.04241,1.76819,-0.0196116,0.0980581,0,0.1
67.45,4.59054,2.04731,1.76819,-0.0196116,0.0980581,0,0.1
67.5,4.58956,2.05222,1.76819,-0.0196116,0.0980581,0,0.1
67.55,4.58858,2.05712,1.76819,-0.0196116,0.0980581,0,0.1
67.6,4.5876,2.06202,1.76819,-0.0196116,0.0980581,0,0.1
67.65,4.58661,2.06693,1.76819,-0.0196116,0.0980581,0,0.1
67.7,4.58563,2.07183,1.76819,-0.0196116,0.0980581,0,0.1
67.75,4.58465,2.07673,1.76819,-0.0196116,0.0980581,0,0.1
67.8,4.58367,2.08164,1.76819,-0.0196116,0.0980581,0,0.1
67.85,4.58269,2.08654,1.76819,-0.0196116,0.0980581,0,0.1
67.9,4.58171,2.09144,1.76819,-0.0196116,0.0980581,0,0.1
67.95,4.58073,2.09634,1.76819,-0.0196116,0.0980581,0,0.1
68,4.57975,2.10125,1.76819,-0.0196116,0.0980581,0,0.1
68.05,4.57877,2.10615,1.76819,-0.0196116,0.0980581,0,0.1
68.1,4.57779,2.11105,1.76819,-0.0196116,0.0980581,0,0.1
68.15,4.57681,2.11596,1.76819,-0.0196116,0.0980581,0,0.1
68.2,4.57583,2.12086,1.76819,-0.0196116,0.0980581,0,0.1
68.25,4.57485,2.12576,1.76819,-0.0196116,0.0980581,0,0.1
68.3,4.57387,2.13066,1.76819,-0.0196116,0.0980581,0,0.1
68.35,4.57289,2.13557,1.76819,-0.0196116,0.0980581,0,0.1
68.4,4.57191,2.14047,1.76819,-0.0196116,0.0980581,0,0.1
68.45,4.57093,2.14537,1.76819,-0.0196116,0.0980581,0,0.1
68.5,4.56994,2.15028,1.76819,-0.0196116,0.0980581,0,0.1
68.55,4.56896,2.15518,1.76819,-0.0196116,0.0980581,0,0.1
68.6,4.56798,2.16008,1.76819,-0.0196116,0.0980581,0,0.1
68.65,4.567,2.16498,1.76819,-0.0196116,0.0980581,0,0.1
68.7,4.56602,2.16989,1.76819,-0.0196116,0.0980581,0,0.1
68.75,4.56504,2.17479,1.76819,-0.0196116,0.0980581,0,0.1
68.8,4.56406,2.17969,1.76819,-0.0196116,0.0980581,0,0.1
68.85,4.56308,2.1846,1.76819,-0.0196116,0.0980581,0,0.1
68.9,4.5621,2.1895,1.76819,-0.0196116,0.0980581,0,0.1
68.95,4.56112,2.1944,1.76819,-0.0196116,0.0980581,0,0.1
69,4.56014,2.1993,1.76819,-0.0196116,0.0980581,0,0.1
69.05,4.55916,2.20421,1.76819,-0.0196116,0.0980581,0,0.1
69.1,4.55818,2.20911,1.76819,-0.0196116,0.0980581,0,0.1
69.15,4.5572,2.21401,1.76819,-0.0196116,0.0980581,0,0.1
69.2,4.55622,2.21892,1.76819,-0.0196116,0.0980581,0,0.1
69.25,4.55524,2.22382,1.76819,-0.0196116,0.0980581,0,0.1
69.3,4.55426,2.22872,1.76819,-0.0196116,0.0980581,0,0.1
69.35,4.55327,2.23363,1.76819,-0.0196116,0.0980581,0,0.1
69.4,4.55229,2.23853,1.76819,-0.0196116,0.0980581,0,0.1
69.45,4.55131,2.24343,1.76819,-0.0196116,0.0980581,0,0.1
69.5,4.55033,2.24833,1.76819,-0.0196116,0.0980581,0,0.1
69.55,4.54935,2.25324,1.76819,-0.0196116,0.0980581,0,0.1
69.6,4.54837,2.25814,1.76819,-0.0196116,0.0980581,0,0.1
69.65,4.54739,2.26304,1.76819,-0.0196116,0.0980581,0,0.1
69.7,4.54641,2.26795,1.76819,-0.0196116,0.0980581,0,0.1
69.75,4.54543,2.27285,1.76819,-0.0196116,0.0980581,0,0.1
69.8,4.54445,2.27775,1.76819,-0.0196116,0.0980581,0,0.1
69.85,4.54347,2.28265,1.76819,-0.0196116,0.0980581,0,0.1
69.9,4.54249,2.28756,1.76819,-0.0196116,0.0980581,0,0.1
69.95,4.54151,2.29246,1.76819,-0.0196116,0.0980581,0,0.1
70,4.54053,2.29736,1.76819,-0.0196116,0.0980581,0,0.1
70.05,4.53955,2.30227,1.76819,-0.0196116,0.0980581,0,0.1
70.1,4.53857,2.30717,1.76819,-0.0196116,0.0980581,0,0.1
70.15,4.53759,2.31207,1.76819,-0.0196116,0.0980581,0,0.1
70.2,4.53661,2.31697,1.76819,-0.0196116,0.0980581,0,0.1
70.25,4.53562,2.32188,1.76819,-0.0196116,0.0980581,0,0.1
70.3,4.53464,2.32678,1.76819,-0.0196116,0.0980581,0,0.1
70.35,4.53366,2.33168,1.76819,-0.0196116,0.0980581,0,0.1
70.4,4.53268,2.33659,1.76819,-0.0196116,0.0980581,0,0.1
70.45,4.5317,2.34149,1.76819,-0.0196116,0.0980581,0,0.1
70.5,4.53072,2.34639,1.76819,-0.0196116,0.0980581,0,0.1
70.55,4.52974,2.35129,1.76819,-0.0196116,0.0980581,0,0.1
70.6,4.52876,2.3562,1.76819,-0.0196116,0.0980581,0,0.1
70.65,4.52778,2.3611,1.76819,-0.0196116,0.0980581,0,0.1
70.7,4.5268,2.366,1.76819,-0.0196116,0.0980581,0,0.1
70.75,4.52582,2.37091,1.76819,-0.0196116,0.0980581,0,0.1
70.8,4.52484,2.37581,1.76819,-0.0196116,0.0980581,0,0.1
70.85,4.52386,2.38071,1.76819,-0.0196116,0.0980581,0,0.1
70.9,4.52288,2.38562,1.76819,-0.0196116,0.0980581,0,0.1
70.95,4.5219,2.39052,1.76819,-0.0196116,0.0980581,0,0.1
71,4.52092,2.39542,1.76819,-0.0196116,0.0980581,0,0.1
71.05,4.51994,2.40032,1.76819,-0.0196116,0.0980581,0,0.1
71.1,4.51895,2.40523,1.76819,-0.0196116,0.0980581,0,0.1
71.15,4.51797,2.41013,1.76819,-0.0196116,0.0980581,0,0.1
71.2,4.51699,2.41503,1.76819,-0.0196116,0.0980581,0,0.1
71.25,4.51601,2.41994,1.76819,-0.0196116,0.0980581,0,0.1
71.3,4.51503,2.42484,1.76819,-0.0196116,0.0980581,0,0.1
71.35,4.51405,2.42974,1.76819,-0.0196116,0.0980581,0,0.1
71.4,4.51307,2.43464,1.76819,-0.0196116,0.0980581,0,0.1
71.45,4.51209,2.43955,1.76819,-0.0196116,0.0980581,0,0.1
71.5,4.51111,2.44445,1.76819,-0.0196116,0.0980581,0,0.1
71.55,4.51013,2.44935,1.76819,-0.0196116,0.0980581,0,0.1
71.6,4.50915,2.45426,1.76819,-0.0196116,0.0980581,0,0.1
71.65,4.50817,2.45916,1.76819,-0.0196116,0.0980581,0,0.1
71.7,4.50719,2.46406,1.76819,-0.0196116,0.0980581,0,0.1
71.75,4.50621,2.46896,1.76819,-0.0196116,0.0980581,0,0.1
71.8,4.50523,2.47387,1.76819,-0.0196116,0.0980581,0,0.1
71.85,4.50425,2.47877,1.76819,-0.0196116,0.0980581,0,0.1
71.9,4.50327,2.48367,1.76819,-0.0196116,0.0980581,0,0.1
71.95,4.50228,2.48858,1.76819,-0.0196116,0.0980581,0,0.1
72,4.5013,2.49348,1.76819,-0.0196116,0.0980581,0,0.1
72.05,4.50032,2.49838,1.76819,-0.0196116,0.0980581,0,0.1
72.1,4.49934,2.50328,1.76819,-0.0196116,0.0980581,0,0.1
72.15,4.49836,2.50819,1.76819,-0.0196116,0.0980581,0,0.1
72.2,4.49738,2.51309,1.76819,-0.0196116,0.0980581,0,0.1
72.25,4.4964,2.51799,1.76819,-0.0196116,0.0980581,0,0.1
72.3,4.49542,2.5229,1.76819,-0.0196116,0.0980581,0,0.1
72.35,4.49444,2.5278,1.76819,-0.0196116,0.0980581,0,0.1
72.4,4.49346,2.5327,1.76819,-0.0196116,0.0980581,0,0.1
72.45,4.49248,2.53761,1.76819,-0.0196116,0.0980581,0,0.1
72.5,4.4915,2.54251,1.76819,-0.0196116,0.0980581,0,0.1
72.55,4.49052,2.54741,1.76819,-0.0196116,0.0980581,0,0.1
72.6,4.48954,2.55231,1.76819,-0.0196116,0.0980581,0,0.1
72.65,4.48856,2.55722,1.76819,-0.0196116,0.0980581,0,0.1
72.7,4.48758,2.56212,1.76819,-0.0196116,0.0980581,0,0.1
72.75,4.4866,2.56702,1.76819,-0.0196116,0.0980581,0,0.1
72.8,4.48561,2.57193,1.76819,-0.0196116,0.0980581,0,0.1
72.85,4.48463,2.57683,1.76819,-0.0196116,0.0980581,0,0.1
72.9,4.48365,2.58173,1.76819,-0.0196116,0.0980581,0,0.1
72.95,4.48267,2.58663,1.76819,-0.0196116,0.0980581,0,0.1
73,4.48169,2.59154,1.76819,-0.0196116,0.0980581,0,0.1
73.05,4.48071,2.59644,1.76819,-0.0196116,0.0980581,0,0.1
73.1,4.47973,2.60134,1.76819,-0.0196116,0.0980581,0,0.1
73.15,4.47875,2.60625,1.76819,-0.0196116,0.0980581,0,0.1
73.2,4.47777,2.61115,1.76819,-0.0196116,0.0980581,0,0.1
73.25,4.47679,2.61605,1.76819,-0.0196116,0.0980581,0,0.1
73.3,4.47581,2.62095,1.76819,-0.0196116,0.0980581,0,0.1
73.35,4.47483,2.62586,1.76819,-0.0196116,0.0980581,0,0.1
73.4,4.47385,2.63076,1.76819,-0.0196116,0.0980581,0,0.1
73.45,4.47287,2.63566,1.76819,-0.0196116,0.0980581,0,0.1
73.5,4.47189,2.64057,1.76819,-0.0196116,0.0980581,0,0.1
73.55,4.47091,2.64547,1.76819,-0.0196116,0.0980581,0,0.1
73.6,4.46993,2.65037,1.76819,-0.0196116,0.0980581,0,0.1
73.65,4.46895,2.65527,1.76819,-0.0196116,0.0980581,0,0.1
73.7,4.46796,2.66018,1.76819,-0.0196116,0.0980581,0,0.1
73.75,4.46698,2.66508,1.76819,-0.0196116,0.0980581,0,0.1
73.8,4.466,2.66998,1.76819,-0.0196116,0.0980581,0,0.1
73.85,4.46502,2.67489,1.76819,-0.0196116,0.0980581,0,0.1
73.9,4.46404,2.67979,1.76819,-0.0196116,0.0980581,0,0.1
73.95,4.46306,2.68469,1.76819,-0.0196116,0.0980581,0,0.1
74,4.46208,2.6896,1.76819,-0.0196116,0.0980581,0,0.1
74.05,4.4611,2.6945,1.76819,-0.0196116,0.0980581,0,0.1
74.1,4.46012,2.6994,1.76819,-0.0196116,0.0980581,0,0.1
74.15,4.45914,2.7043,1.76819,-0.0196116,0.0980581,0,0.1
74.2,4.45816,2.70921,1.76819,-0.0196116,0.0980581,0,0.1
74.25,4.45718,2.71411,1.76819,-0.0196116,0.0980581,0,0.1
74.3,4.4562,2.71901,1.76819,-0.0196116,0.0980581,0,0.1
74.35,4.45522,2.72392,1.76819,-0.0196116,0.0980581,0,0.1
74.4,4.45424,2.72882,1.76819,-0.0196116,0.0980581,0,0.1
74.45,4.45326,2.73372,1.76819,-0.0196116,0.0980581,0,0.1
74.5,4.45228,2.73862,1.76819,-0.0196116,0.0980581,0,0.1
74.55,4.45129,2.74353,1.76819,-0.0196116,0.0980581,0,0.1
74.6,4.45031,2.74843,1.76819,-0.0196116,0.0980581,0,0.1
74.65,4.44933,2.75333,1.76819,-0.0196116,0.0980581,0,0.1
74.7,4.44835,2.75824,1.76819,-0.0196116,0.0980581,0,0.1
74.75,4.44737,2.76314,1.76819,-0.0196116,0.0980581,0,0.1
74.8,4.44639,2.76804,1.76819,-0.0196116,0.0980581,0,0.1
74.85,4.44541,2.77294,1.76819,-0.0196116,0.0980581,0,0.1
74.9,4.44443,2.77785,1.76819,-0.0196116,0.0980581,0,0.1
74.95,4.44345,2.78275,1.76819,-0.0196116,0.0980581,0,0.1
75,4.44247,2.78765,1.76819,-0.0196116,0.0980581,0,0.1
75.05,4.44149,2.79256,1.76819,-0.0196116,0.0980581,0,0.1
75.1,4.44051,2.79746,1.76819,-0.0196116,0.0980581,0,0.1
75.15,4.43953,2.80236,1.76819,-0.0196116,0.0980581,0,0.1
75.2,4.43855,2.80726,1.76819,-0.0196116,0.0980581,0,0.1
75.25,4.43757,2.81217,1.76819,-0.0196116,0.0980581,0,0.1
75.3,4.43659,2.81707,1.76819,-0.0196116,0.0980581,0,0.1
75.35,4.43561,2.82197,1.76819,-0.0196116,0.0980581,0,0.1
75.4,4.43462,2.82688,1.76819,-0.0196116,0.0980581,0,0.1
75.45,4.43364,2.83178,1.76819,-0.0196116,0.0980581,0,0.1
75.5,4.43266,2.83668,1.76819,-0.0196116,0.0980581,0,0.1
75.55,4.43168,2.84159,1.76819,-0.0196116,0.0980581,0,0.1
75.6,4.4307,2.84649,1.76819,-0.0196116,0.0980581,0,0.1
75.65,4.42972,2.85139,1.76819,-0.0196116,0.0980581,0,0.1
75.7,4.42874,2.85629,1.76819,-0.0196116,0.0980581,0,0.1
75.75,4.42776,2.8612,1.76819,-0.0196116,0.0980581,0,0.1
75.8,4.42678,2.8661,1.76819,-0.0196116,0.0980581,0,0.1
75.85,4.4258,2.871,1.76819,-0.0196116,0.0980581,0,0.1
75.9,4.42482,2.87591,1.76819,-0.0196116,0.0980581,0,0.1
75.95,4.42384,2.88081,1.76819,-0.0196116,0.0980581,0,0.1
76,4.42286,2.88571,1.76819,-0.0196116,0.0980581,0,0.1
76.05,4.42188,2.89061,1.76819,-0.0196116,0.0980581,0,0.1
76.1,4.4209,2.89552,1.76819,-0.0196116,0.0980581,0,0.1
76.15,4.41992,2.90042,1.76819,-0.0196116,0.0980581,0,0.1
76.2,4.41894,2.90532,1.76819,-0.0196116,0.0980581,0,0.1
76.25,4.41795,2.91023,1.76819,-0.0196116,0.0980581,0,0.1
76.3,4.41697,2.91513,1.76819,-0.0196116,0.0980581,0,0.1
76.35,4.41599,2.92003,1.76819,-0.0196116,0.0980581,0,0.1
76.4,4.41501,2.92493,1.76819,-0.0196116,0.0980581,0,0.1
76.45,4.41403,2.92984,1.76819,-0.0196116,0.0980581,0,0.1
76.5,4.41305,2.93474,1.76819,-0.0196116,0.0980581,0,0.1
76.55,4.41207,2.93964,1.76819,-0.0196116,0.0980581,0,0.1
76.6,4.41109,2.94455,1.76819,-0.0196116,0.0980581,0,0.1
76.65,4.41011,2.94945,1.76819,-0.0196116,0.0980581,0,0.1
76.7,4.40913,2.95435,1.76819,-0.0196116,0.0980581,0,0.1
76.75,4.40815,2.95925,1.76819,-0.0196116,0.0980581,0,0.1
76.8,4.40717,2.96416,1.76819,-0.0196116,0.0980581,0,0.1
76.85,4.40619,2.96906,1.76819,-0.0196116,0.0980581,0,0.1
76.9,4.40521,2.97396,1.76819,-0.0196116,0.0980581,0,0.1
76.95,4.40423,2.97887,1.76819,-0.0196116,0.0980581,0,0.1
77,4.40325,2.98377,1.76819,-0.0196116,0.0980581,0,0.1
77.05,4.40227,2.98867,1.76819,-0.0196116,0.0980581,0,0.1
77.1,4.40128,2.99358,1.76819,-0.0196116,0.0980581,0,0.1
77.15,4.4003,2.99848,1.76819,-0.0196116,0.0980581,0,0.1
77.2,4.39932,3.00338,1.76819,-0.0196116,0.0980581,0,0.1
77.25,4.39834,3.00828,1.76819,-0.0196116,0.0980581,0,0.1
77.3,4.39736,3.01319,1.76819,-0.0196116,0.0980581,0,0.1
77.35,4.39638,3.01809,1.76819,-0.0196116,0.0980581,0,0.1
77.4,4.3954,3.02299,1.76819,-0.0196116,0.0980581,0,0.1
77.45,4.39442,3.0279,1.76819,-0.0196116,0.0980581,0,0.1
77.5,4.39344,3.0328,1.76819,-0.0196116,0.0980581,0,0.1
77.55,4.39246,3.0377,1.76819,-0.0196116,0.0980581,0,0.1
77.6,4.39148,3.0426,1.76819,-0.0196116,0.0980581,0,0.1
77.65,4.3905,3.04751,1.76819,-0.0196116,0.0980581,0,0.1
77.7,4.38952,3.05241,1.76819,-0.0196116,0.0980581,0,0.1
77.75,4.38854,3.05731,1.76819,-0.0196116,0.0980581,0,0.1
77.8,4.38756,3.06222,1.76819,-0.0196116,0.0980581,0,0.1
77.85,4.38658,3.06712,1.76819,-0.0196116,0.0980581,0,0.1
77.9,4.3856,3.07202,1.76819,-0.0196116,0.0980581,0,0.1
77.95,4.38462,3.07692,1.76819,-0.0196116,0.0980581,0,0.1
78,4.38363,3.08183,1.76819,-0.0196116,0.0980581,0,0.1
78.05,4.38265,3.08673,1.76819,-0.0196116,0.0980581,0,0.1
78.1,4.38167,3.09163,1.76819,-0.0196116,0.0980581,0,0.1
78.15,4.38069,3.09654,1.76819,-0.0196116,0.0980581,0,0.1
78.2,4.37971,3.10144,1.76819,-0.0196116,0.0980581,0,0.1
78.25,4.37873,3.10634,1.76819,-0.0196116,0.0980581,0,0.1
78.3,4.37775,3.11124,1.76819,-0.0196116,0.0980581,0,0.1
78.35,4.37677,3.11615,1.76819,-0.0196116,0.0980581,0,0.1
78.4,4.37579,3.12105,1.76819,-0.0196116,0.0980581,0,0.1
78.45,4.37481,3.12595,1.76819,-0.0196116,0.0980581,0,0.1
78.5,4.37383,3.13086,1.76819,-0.0196116,0.0980581,0,0.1
78.55,4.37285,3.13576,1.76819,-0.0196116,0.0980581,0,0.1
78.6,4.37187,3.14066,1.76819,-0.0196116,0.0980581,0,0.1
78.65,4.37089,3.14557,1.76819,-0.0196116,0.0980581,0,0.1
78.7,4.36991,3.15047,1.76819,-0.0196116,0.0980581,0,0.1
78.75,4.36893,3.15537,1.76819,-0.0196116,0.0980581,0,0.1
78.8,4.36795,3.16027,1.76819,-0.0196116,0.0980581,0,0.1
78.85,4.36696,3.16518,1.76819,-0.0196116,0.0980581,0,0.1
78.9,4.36598,3.17008,1.76819,-0.0196116,0.0980581,0,0.1
78.95,4.365,3.17498,1.76819,-0.0196116,0.0980581,0,0.1
79,4.36402,3.17989,1.76819,-0.0196116,0.0980581,0,0.1
79.05,4.36304,3.18479,1.76819,-0.0196116,0.0980581,0,0.1
79.1,4.36206,3.18969,1.76819,-0.0196116,0.0980581,0,0.1
79.15,4.36108,3.19459,1.76819,-0.0196116,0.0980581,0,0.1
79.2,4.3601,3.1995,1.76819,-0.0196116,0.0980581,0,0.1
79.25,4.35912,3.2044,1.76819,-0.0196116,0.0980581,0,0.1
79.3,4.35814,3.2093,1.76819,-0.0196116,0.0980581,0,0.1
79.35,4.35716,3.21421,1.76819,-0.0196116,0.0980581,0,0.1
79.4,4.35618,3.21911,1.76819,-0.0196116,0.0980581,0,0.1
79.45,4.3552,3.22401,1.76819,-0.0196116,0.0980581,0,0.1
79.5,4.35422,3.22891,1.76819,-0.0196116,0.0980581,0,0.1
79.55,4.35324,3.23382,1.76819,-0.0196116,0.0980581,0,0.1
79.6,4.35226,3.23872,1.76819,-0.0196116,0.0980581,0,0.1
79.65,4.35128,3.24362,1.76819,-0.0196116,0.0980581,0,0.1
79.7,4.35029,3.24853,1.76819,-0.0196116,0.0980581,0,0.1
79.75,4.34931,3.25343,1.76819,-0.0196116,0.0980581,0,0.1
79.8,4.34833,3.25833,1.76819,-0.0196116,0.0980581,0,0.1
79.85,4.34735,3.26323,1.76819,-0.0196116,0.0980581,0,0.1
79.9,4.34637,3.26814,1.76819,-0.0196116,0.0980581,0,0.1
79.95,4.34539,3.27304,1.76819,-0.0196116,0.0980581,0,0.1
80,4.34441,3.27794,1.76819,-0.0196116,0.0980581,0,0.1
80.05,4.34343,3.28285,1.76819,-0.0196116,0.0980581,0,0.1
80.1,4.34245,3.28775,1.76819,-0.0196116,0.0980581,0,0.1
80.15,4.34147,3.29265,1.76819,-0.0196116,0.0980581,0,0.1
80.2,4.34049,3.29756,1.76819,-0.0196116,0.0980581,0,0.1
80.25,4.33951,3.30246,1.76819,-0.0196116,0.0980581,0,0.1
80.3,4.33853,3.30736,1.76819,-0.0196116,0.0980581,0,0.1
80.35,4.33755,3.31226,1.76819,-0.0196116,0.0980581,0,0.1
80.4,4.33657,3.31717,1.76819,-0.0196116,0.0980581,0,0.1
80.45,4.33559,3.32207,1.76819,-0.0196116,0.0980581,0,0.1
80.5,4.33461,3.32697,1.76819,-0.0196116,0.0980581,0,0.1
80.55,4.33362,3.33188,1.76819,-0.0196116,0.0980581,0,0.1
80.6,4.33264,3.33678,1.76819,-0.0196116,0.0980581,0,0.1
80.65,4.33166,3.34168,1.76819,-0.0196116,0.0980581,0,0.1
80.7,4.33068,3.34658,1.76819,-0.0196116,0.0980581,0,0.1
80.75,4.3297,3.35149,1.76819,-0.0196116,0.0980581,0,0.1
80.8,4.32872,3.35639,1.76819,-0.0196116,0.0980581,0,0.1
80.85,4.32774,3.36129,1.76819,-0.0196116,0.0980581,0,0.1
80.9,4.32676,3.3662,1.76819,-0.0196116,0.0980581,0,0.1
80.95,4.32578,3.3711,1.76819,-0.0196116,0.0980581,0,0.1
81,4.3248,3.376,1.76819,-0.0196116,0.0980581,0,0.1
81.05,4.32382,3.3809,1.76819,-0.0196116,0.0980581,0,0.1
81.1,4.32284,3.38581,1.76819,-0.0196116,0.0980581,0,0.1
81.15,4.32186,3.39071,1.76819,-0.0196116,0.0980581,0,0.1
81.2,4.32088,3.39561,1.76819,-0.0196116,0.0980581,0,0.1
81.25,4.3199,3.40052,1.76819,-0.0196116,0.0980581,0,0.1
81.3,4.31892,3.40542,1.76819,-0.0196116,0.0980581,0,0.1
81.35,4.31794,3.41032,1.76819,-0.0196116,0.0980581,0,0.1
81.4,4.31696,3.41522,1.76819,-0.0196116,0.0980581,0,0.1
81.45,4.31597,3.42013,1.76819,-0.0196116,0.0980581,0,0.1
81.5,4.31499,3.42503,1.76819,-0.0196116,0.0980581,0,0.1
81.55,4.31401,3.42993,1.76819,-0.0196116,0.0980581,0,0.1
81.6,4.31303,3.43484,1.76819,-0.0196116,0.0980581,0,0.1
81.65,4.31205,3.43974,1.76819,-0.0196116,0.0980581,0,0.1
81.7,4.31107,3.44464,1.76819,-0.0196116,0.0980581,0,0.1
81.75,4.31009,3.44955,1.76819,-0.0196116,0.0980581,0,0.1
81.8,4.30911,3.45445,1.76819,-0.0196116,0.0980581,0,0.1
81.85,4.30813,3.45935,1.76819,-0.0196116,0.0980581,0,0.1
81.9,4.30715,3.46425,1.76819,-0.0196116,0.0980581,0,0.1
81.95,4.30617,3.46916,1.76819,-0.0196116,0.0980581,0,0.1
82,4.30519,3.47406,1.76819,-0.0196116,0.0980581,0,0.1
82.05,4.30421,3.47896,1.76819,-0.0196116,0.0980581,0,0.1
82.1,4.30323,3.48387,1.76819,-0.0196116,0.0980581,0,0.1
82.15,4.30225,3.48877,1.76819,-0.0196116,0.0980581,0,0.1
82.2,4.30127,3.49367,1.76819,-0.0196116,0.0980581,0,0.1
82.25,4.30029,3.49857,1.76819,-0.0196116,0.0980581,0,0.1
82.3,4.2993,3.50348,1.76819,-0.0196116,0.0980581,0,0.1
82.35,4.29832,3.50838,1.76819,-0.0196116,0.0980581,0,0.1
82.4,4.29734,3.51328,1.76819,-0.0196116,0.0980581,0,0.1
82.45,4.29636,3.51819,1.76819,-0.0196116,0.0980581,0,0.1
82.5,4.29538,3.52309,1.76819,-0.0196116,0.0980581,0,0.1
82.55,4.2944,3.52799,1.76819,-0.0196116,0.0980581,0,0.1
82.6,4.29342,3.53289,1.76819,-0.0196116,0.0980581,0,0.1
82.65,4.29244,3.5378,1.76819,-0.0196116,0.0980581,0,0.1
82.7,4.29146,3.5427,1.76819,-0.0196116,0.0980581,0,0.1
82.75,4.29048,3.5476,1.76819,-0.0196116,0.0980581,0,0.1
82.8,4.2895,3.55251,1.76819,-0.0196116,0.0980581,0,0.1
82.85,4.28852,3.55741,1.76819,-0.0196116,0.0980581,0,0.1
82.9,4.28754,3.56231,1.76819,-0.0196116,0.0980581,0,0.1
82.95,4.28656,3.56721,1.76819,-0.0196116,0.0980581,0,0.1
83,4.28558,3.57212,1.76819,-0.0196116,0.0980581,0,0.1
83.05,4.2846,3.57702,1.76819,-0.0196116,0.0980581,0,0.1
83.1,4.28362,3.58192,1.76819,-0.0196116,0.0980581,0,0.1
83.15,4.28263,3.58683,1.76819,-0.0196116,0.0980581,0,0.1
83.2,4.28165,3.59173,1.76819,-0.0196116,0.0980581,0,0.1
83.25,4.28067,3.59663,1.76819,-0.0196116,0.0980581,0,0.1
83.3,4.27969,3.60154,1.76819,-0.0196116,0.0980581,0,0.1
83.35,4.27871,3.60644,1.76819,-0.0196116,0.0980581,0,0.1
83.4,4.27773,3.61134,1.76819,-0.0196116,0.0980581,0,0.1
83.45,4.27675,3.61624,1.76819,-0.0196116,0.0980581,0,0.1
83.5,4.27577,3.62115,1.76819,-0.0196116,0.0980581,0,0.1
83.55,4.27479,3.62605,1.76819,-0.0196116,0.0980581,0,0.1
83.6,4.27381,3.63095,1.76819,-0.0196116,0.0980581,0,0.1
83.65,4.27283,3.63586,1.76819,-0.0196116,0.0980581,0,0.1
83.7,4.27185,3.64076,1.76819,-0.0196116,0.0980581,0,0.1
83.75,4.27087,3.64566,1.76819,-0.0196116,0.0980581,0,0.1
83.8,4.26989,3.65056,1.76819,-0.0196116,0.0980581,0,0.1
83.85,4.26891,3.65547,1.76819,-0.0196116,0.0980581,0,0.1
83.9,4.26793,3.66037,1.76819,-0.0196116,0.0980581,0,0.1
83.95,4.26695,3.66527,1.76819,-0.0196116,0.0980581,0,0.1
84,4.26596,3.67018,1.76819,-0.0196116,0.0980581,0,0.1
84.05,4.26498,3.67508,1.76819,-0.0196116,0.0980581,0,0.1
84.1,4.264,3.67998,1.76819,-0.0196116,0.0980581,0,0.1
84.15,4.26302,3.68488,1.76819,-0.0196116,0.0980581,0,0.1
84.2,4.26204,3.68979,1.76819,-0.0196116,0.0980581,0,0.1
84.25,4.26106,3.69469,1.76819,-0.0196116,0.0980581,0,0.1
84.3,4.26008,3.69959,1.76819,-0.0196116,0.0980581,0,0.1
84.35,4.2591,3.7045,1.76819,-0.0196116,0.0980581,0,0.1
84.4,4.25812,3.7094,1.76819,-0.0196116,0.0980581,0,0.1
84.45,4.25714,3.7143,1.76819,-0.0196116,0.0980581,0,0.1
84.5,4.25616,3.7192,1.76819,-0.0196116,0.0980581,0,0.1
84.55,4.25518,3.72411,1.76819,-0.0196116,0.0980581,0,0.1
84.6,4.2542,3.72901,1.76819,-0.0196116,0.0980581,0,0.1
84.65,4.25322,3.73391,1.76819,-0.0196116,0.0980581,0,0.1
84.7,4.25224,3.73882,1.76819,-0.0196116,0.0980581,0,0.1
84.75,4.25126,3.74372,1.76819,-0.0196116,0.0980581,0,0.1
84.8,4.25028,3.74862,1.76819,-0.0196116,0.0980581,0,0.1
84.85,4.24929,3.75353,1.76819,-0.0196116,0.0980581,0,0.1
84.9,4.24831,3.75843,1.76819,-0.0196116,0.0980581,0,0.1
84.95,4.24733,3.76333,1.76819,-0.0196116,0.0980581,0,0.1
85,4.24635,3.76823,1.76819,-0.0196116,0.0980581,0,0.1
85.05,4.24537,3.77314,1.76819,-0.0196116,0.0980581,0,0.1
85.1,4.24439,3.77804,1.76819,-0.0196116,0.0980581,0,0.1
85.15,4.24341,3.78294,1.76819,-0.0196116,0.0980581,0,0.1
85.2,4.24243,3.78785,1.76819,-0.0196116,0.0980581,0,0.1
85.25,4.24145,3.79275,1.76819,-0.0196116,0.0980581,0,0.1
85.3,4.24047,3.79765,1.76819,-0.0196116,0.0980581,0,0.1
85.35,4.23949,3.80255,1.76819,-0.0196116,0.0980581,0,0.1
85.4,4.23851,3.80746,1.76819,-0.0196116,0.0980581,0,0.1
85.45,4.23753,3.81236,1.76819,-0.0196116,0.0980581,0,0.1
85.5,4.23655,3.81726,1.76819,-0.0196116,0.0980581,0,0.1
85.55,4.23557,3.82217,1.76819,-0.0196116,0.0980581,0,0.1
85.6,4.23459,3.82707,1.76819,-0.0196116,0.0980581,0,0.1
85.65,4.23361,3.83197,1.76819,-0.0196116,0.0980581,0,0.1
85.7,4.23263,3.83687,1.76819,-0.0196116,0.0980581,0,0.1
85.75,4.23164,3.84178,1.76819,-0.0196116,0.0980581,0,0.1
85.8,4.23066,3.84668,1.76819,-0.0196116,0.0980581,0,0.1
85.85,4.22968,3.85158,1.76819,-0.0196116,0.0980581,0,0.1
85.9,4.2287,3.85649,1.76819,-0.0196116,0.0980581,0,0.1
85.95,4.22772,3.86139,1.76819,-0.0196116,0.0980581,0,0.1
86,4.22674,3.86629,1.76819,-0.0196116,0.0980581,0,0.1
86.05,4.22576,3.87119,1.76819,-0.0196116,0.0980581,0,0.1
86.1,4.22478,3.8761,1.76819,-0.0196116,0.0980581,0,0.1
86.15,4.2238,3.881,1.76819,-0.0196116,0.0980581,0,0.1
86.2,4.22282,3.8859,1.76819,-0.0196116,0.0980581,0,0.1
86.25,4.22184,3.89081,1.76819,-0.0196116,0.0980581,0,0.1
86.3,4.22086,3.89571,1.76819,-0.0196116,0.0980581,0,0.1
86.35,4.21988,3.90061,1.76819,-0.0196116,0.0980581,0,0.1
86.4,4.2189,3.90552,1.76819,-0.0196116,0.0980581,0,0.1
86.45,4.21792,3.91042,1.76819,-0.0196116,0.0980581,0,0.1
86.5,4.21694,3.91532,1.76819,-0.0196116,0.0980581,0,0.1
86.55,4.21596,3.92022,1.76819,-0.0196116,0.0980581,0,0.1
86.6,4.21497,3.92513,1.76819,-0.0196116,0.0980581,0,0.1
86.65,4.21399,3.93003,1.76819,-0.0196116,0.0980581,0,0.1
86.7,4.21301,3.93493,1.76819,-0.0196116,0.0980581,0,0.1
86.75,4.21203,3.93984,1.76819,-0.0196116,0.0980581,0,0.1
86.8,4.21105,3.94474,1.76819,-0.0196116,0.0980581,0,0.1
86.85,4.21007,3.94964,1.76819,-0.0196116,0.0980581,0,0.1
86.9,4.20909,3.95454,1.76819,-0.0196116,0.0980581,0,0.1
86.95,4.20811,3.95945,1.76819,-0.0196116,0.0980581,0,0.1
87,4.20713,3.96435,1.76819,-0.0196116,0.0980581,0,0.1
87.05,4.20615,3.96925,1.76819,-0.0196116,0.0980581,0,0.1
87.1,4.20517,3.97416,1.76819,-0.0196116,0.0980581,0,0.1
87.15,4.20419,3.97906,1.76819,-0.0196116,0.0980581,0,0.1
87.2,4.20321,3.98396,1.76819,-0.0196116,0.0980581,0,0.1
87.25,4.20223,3.98886,1.76819,-0.0196116,0.0980581,0,0.1
87.3,4.20125,3.99377,1.76819,-0.0196116,0.0980581,0,0.1
87.35,4.20027,3.99867,1.76819,-0.0196116,0.0980581,0,0.1
87.4,4.19929,4.00357,1.76819,-0.0196116,0.0980581,0,0.1
87.45,4.1983,4.00848,1.76819,-0.0196116,0.0980581,0,0.1
87.5,4.19732,4.01338,1.76819,-0.0196116,0.0980581,0,0.1
87.55,4.19634,4.01828,1.76819,-0.0196116,0.0980581,0,0.1
87.6,4.19536,4.02318,1.76819,-0.0196116,0.0980581,0,0.1
87.65,4.19438,4.02809,1.76819,-0.0196116,0.0980581,0,0.1
87.7,4.1934,4.03299,1.76819,-0.0196116,0.0980581,0,0.1
87.75,4.19242,4.03789,1.76819,-0.0196116,0.0980581,0,0.1
87.8,4.19144,4.0428,1.76819,-0.0196116,0.0980581,0,0.1
87.85,4.19046,4.0477,1.76819,-0.0196116,0.0980581,0,0.1
87.9,4.18948,4.0526,1.76819,-0.0196116,0.0980581,0,0.1
87.95,4.1885,4.05751,1.76819,-0.0196116,0.0980581,0,0.1
88,4.18752,4.06241,1.76819,-0.0196116,0.0980581,0,0.1
88.05,4.18654,4.06731,1.76819,-0.0196116,0.0980581,0,0.1
88.1,4.18556,4.07221,1.76819,-0.0196116,0.0980581,0,0.1
88.15,4.18458,4.07712,1.76819,-0.0196116,0.0980581,0,0.1
88.2,4.1836,4.08202,1.76819,-0.0196116,0.0980581,0,0.1
88.25,4.18262,4.08692,1.76819,-0.0196116,0.0980581,0,0.1
88.3,4.18163,4.09183,1.76819,-0.0196116,0.0980581,0,0.1
88.35,4.18065,4.09673,1.76819,-0.0196116,0.0980581,0,0.1
88.4,4.17967,4.10163,1.76819,-0.0196116,0.0980581,0,0.1
88.45,4.17869,4.10653,1.76819,-0.0196116,0.0980581,0,0.1
88.5,4.17771,4.11144,1.76819,-0.0196116,0.0980581,0,0.1
88.55,4.17673,4.11634,1.76819,-0.0196116,0.0980581,0,0.1
88.6,4.17575,4.12124,1.76819,-0.0196116,0.0980581,0,0.1
88.65,4.17477,4.12615,1.76819,-0.0196116,0.0980581,0,0.1
88.7,4.17379,4.13105,1.76819,-0.0196116,0.0980581,0,0.1
88.75,4.17281,4.13595,1.76819,-0.0196116,0.0980581,0,0.1
88.8,4.17183,4.14085,1.76819,-0.0196116,0.0980581,0,0.1
88.85,4.17085,4.14576,1.76819,-0.0196116,0.0980581,0,0.1
88.9,4.16987,4.15066,1.76819,-0.0196116,0.0980581,0,0.1
88.95,4.16889,4.15556,1.76819,-0.0196116,0.0980581,0,0.1
89,4.16791,4.16047,1.76819,-0.0196116,0.0980581,0,0.1
89.05,4.16693,4.16537,1.76819,-0.0196116,0.0980581,0,0.1
89.1,4.16595,4.17027,1.76819,-0.0196116,0.0980581,0,0.1
89.15,4.16497,4.17517,1.76819,-0.0196116,0.0980581,0,0.1
89.2,4.16398,4.18008,1.76819,-0.0196116,0.0980581,0,0.1
89.25,4.163,4.18498,1.76819,-0.0196116,0.0980581,0,0.1
89.3,4.16202,4.18988,1.76819,-0.0196116,0.0980581,0,0.1
89.35,4.16104,4.19479,1.76819,-0.0196116,0.0980581,0,0.1
89.4,4.16006,4.19969,1.76819,-0.0196116,0.0980581,0,0.1
89.45,4.15908,4.20459,1.76819,-0.0196116,0.0980581,0,0.1
89.5,4.1581,4.2095,1.76819,-0.0196116,0.0980581,0,0.1
89.55,4.15712,4.2144,1.76819,-0.0196116,0.0980581,0,0.1
89.6,4.15614,4.2193,1.76819,-0.0196116,0.0980581,0,0.1
89.65,4.15516,4.2242,1.76819,-0.0196116,0.0980581,0,0.1
89.7,4.15418,4.22911,1.76819,-0.0196116,0.0980581,0,0.1
89.75,4.1532,4.23401,1.76819,-0.0196116,0.0980581,0,0.1
89.8,4.15222,4.23891,1.76819,-0.0196116,0.0980581,0,0.1
89.85,4.15124,4.24382,1.76819,-0.0196116,0.0980581,0,0.1
89.9,4.15026,4.24872,1.76819,-0.0196116,0.0980581,0,0.1
89.95,4.14928,4.25362,1.76819,-0.0196116,0.0980581,0,0.1
90,4.1483,4.25852,1.76819,-0.0196116,0.0980581,0,0.1
90.05,4.14731,4.26343,1.76819,-0.0196116,0.0980581,0,0.1
90.1,4.14633,4.26833,1.76819,-0.0196116,0.0980581,0,0.1
90.15,4.14535,4.27323,1.76819,-0.0196116,0.0980581,0,0.1
90.2,4.14437,4.27814,1.76819,-0.0196116,0.0980581,0,0.1
90.25,4.14339,4.28304,1.76819,-0.0196116,0.0980581,0,0.1
90.3,4.14241,4.28794,1.76819,-0.0196116,0.0980581,0,0.1
90.35,4.14143,4.29284,1.76819,-0.0196116,0.0980581,0,0.1
90.4,4.14045,4.29775,1.76819,-0.0196116,0.0980581,0,0.1
90.45,4.13947,4.30265,1.76819,-0.0196116,0.0980581,0,0.1
90.5,4.13849,4.30755,1.76819,-0.0196116,0.0980581,0,0.1
90.55,4.13751,4.31246,1.76819,-0.0196116,0.0980581,0,0.1
90.6,4.13653,4.31736,1.76819,-0.0196116,0.0980581,0,0.1
90.65,4.13555,4.32226,1.76819,-0.0196116,0.0980581,0,0.1
90.7,4.13457,4.32716,1.76819,-0.0196116,0.0980581,0,0.1
90.75,4.13359,4.33207,1.76819,-0.0196116,0.0980581,0,0.1
90.8,4.13261,4.33697,1.76819,-0.0196116,0.0980581,0,0.1
90.85,4.13163,4.34187,1.76819,-0.0196116,0.0980581,0,0.1
90.9,4.13064,4.34678,1.76819,-0.0196116,0.0980581,0,0.1
90.95,4.12966,4.35168,1.76819,-0.0196116,0.0980581,0,0.1
91,4.12868,4.35658,1.76819,-0.0196116,0.0980581,0,0.1
91.05,4.1277,4.36149,1.76819,-0.0196116,0.0980581,0,0.1
91.1,4.12672,4.36639,1.76819,-0.0196116,0.0980581,0,0.1
91.15,4.12574,4.37129,1.76819,-0.0196116,0.0980581,0,0.1
91.2,4.12476,4.37619,1.76819,-0.0196116,0.0980581,0,0.1
91.25,4.12378,4.3811,1.76819,-0.0196116,0.0980581,0,0.1
91.3,4.1228,4.386,1.76819,-0.0196116,0.0980581,0,0.1
91.35,4.12182,4.3909,1.76819,-0.0196116,0.0980581,0,0.1
91.4,4.12084,4.39581,1.76819,-0.0196116,0.0980581,0,0.1
91.45,4.11986,4.40071,1.76819,-0.0196116,0.0980581,0,0.1
91.5,4.11888,4.40561,1.76819,-0.0196116,0.0980581,0,0.1
91.55,4.1179,4.41051,1.76819,-0.0196116,0.0980581,0,0.1
91.6,4.11692,4.41542,1.76819,-0.0196116,0.0980581,0,0.1
91.65,4.11594,4.42032,1.76819,-0.0196116,0.0980581,0,0.1
91.7,4.11496,4.42522,1.76819,-0.0196116,0.0980581,0,0.1
91.75,4.11397,4.43013,1.76819,-0.0196116,0.0980581,0,0.1
91.8,4.11299,4.43503,1.76819,-0.0196116,0.0980581,0,0.1
91.85,4.11201,4.43993,1.76819,-0.0196116,0.0980581,0,0.1
91.9,4.11103,4.44483,1.76819,-0.0196116,0.0980581,0,0.1
91.95,4.11005,4.44974,1.76819,-0.0196116,0.0980581,0,0.1
92,4.10907,4.45464,1.76819,-0.0196116,0.0980581,0,0.1
92.05,4.10809,4.45954,1.76819,-0.0196116,0.0980581,0,0.1
92.1,4.10711,4.46445,1.76819,-0.0196116,0.0980581,0,0.1
92.15,4.10613,4.46935,1.76819,-0.0196116,0.0980581,0,0.1
92.2,4.10515,4.47425,1.76819,-0.0196116,0.0980581,0,0.1
92.25,4.10417,4.47915,1.76819,-0.0196116,0.0980581,0,0.1
92.3,4.10319,4.48406,1.76819,-0.0196116,0.0980581,0,0.1
92.35,4.10221,4.48896,1.76819,-0.0196116,0.0980581,0,0.1
92.4,4.10123,4.49386,1.76819,-0.0196116,0.0980581,0,0.1
92.45,4.10025,4.49877,1.76819,-0.0196116,0.0980581,0,0.1
92.5,4.09927,4.50367,1.76819,-0.0196116,0.0980581,0,0.1
92.55,4.09829,4.50857,1.76819,-0.0196116,0.0980581,0,0.1
92.6,4.0973,4.51348,1.76819,-0.0196116,0.0980581,0,0.1
92.65,4.09632,4.51838,1.76819,-0.0196116,0.0980581,0,0.1
92.7,4.09534,4.52328,1.76819,-0.0196116,0.0980581,0,0.1
92.75,4.09436,4.52818,1.76819,-0.0196116,0.0980581,0,0.1
92.8,4.09338,4.53309,1.76819,-0.0196116,0.0980581,0,0.1
92.85,4.0924,4.53799,1.76819,-0.0196116,0.0980581,0,0.1
92.9,4.09142,4.54289,1.76819,-0.0196116,0.0980581,0,0.1
92.95,4.09044,4.5478,1.76819,-0.0196116,0.0980581,0,0.1
93,4.08946,4.5527,1.76819,-0.0196116,0.0980581,0,0.1
93.05,4.08848,4.5576,1.76819,-0.0196116,0.0980581,0,0.1
93.1,4.0875,4.5625,1.76819,-0.0196116,0.0980581,0,0.1
93.15,4.08652,4.56741,1.76819,-0.0196116,0.0980581,0,0.1
93.2,4.08554,4.57231,1.76819,-0.0196116,0.0980581,0,0.1
93.25,4.08456,4.57721,1.76819,-0.0196116,0.0980581,0,0.1
93.3,4.08358,4.58212,1.76819,-0.0196116,0.0980581,0,0.1
93.35,4.0826,4.58702,1.76819,-0.0196116,0.0980581,0,0.1
93.4,4.08162,4.59192,1.76819,-0.0196116,0.0980581,0,0.1
93.45,4.08064,4.59682,1.76819,-0.0196116,0.0980581,0,0.1
93.5,4.07965,4.60173,1.76819,-0.0196116,0.0980581,0,0.1
93.55,4.07867,4.60663,1.76819,-0.0196116,0.0980581,0,0.1
93.6,4.07769,4.61153,1.76819,-0.0196116,0.0980581,0,0.1
93.65,4.07671,4.61644,1.76819,-0.0196116,0.0980581,0,0.1
93.7,4.07573,4.62134,1.76819,-0.0196116,0.0980581,0,0.1
93.75,4.07475,4.62624,1.76819,-0.0196116,0.0980581,0,0.1
93.8,4.07377,4.63114,1.76819,-0.0196116,0.0980581,0,0.1
93.85,4.07279,4.63605,1.76819,-0.0196116,0.0980581,0,0.1
93.9,4.07181,4.64095,1.76819,-0.0196116,0.0980581,0,0.1
93.95,4.07083,4.64585,1.76819,-0.0196116,0.0980581,0,0.1
94,4.06985,4.65076,1.76819,-0.0196116,0.0980581,0,0.1
94.05,4.06887,4.65566,1.76819,-0.0196116,0.0980581,0,0.1
94.1,4.06789,4.66056,1.76819,-0.0196116,0.0980581,0,0.1
94.15,4.06691,4.66547,1.76819,-0.0196116,0.0980581,0,0.1
94.2,4.06593,4.67037,1.76819,-0.0196116,0.0980581,0,0.1
94.25,4.06495,4.67527,1.76819,-0.0196116,0.0980581,0,0.1
94.3,4.06397,4.68017,1.76819,-0.0196116,0.0980581,0,0.1
94.35,4.06298,4.68508,1.76819,-0.0196116,0.0980581,0,0.1
94.4,4.062,4.68998,1.76819,-0.0196116,0.0980581,0,0.1
94.45,4.06102,4.69488,1.76819,-0.0196116,0.0980581,0,0.1
94.5,4.06004,4.69979,1.76819,-0.0196116,0.0980581,0,0.1
94.55,4.05906,4.70469,1.76819,-0.0196116,0.0980581,0,0.1
94.6,4.05808,4.70959,1.76819,-0.0196116,0.0980581,0,0.1
94.65,4.0571,4.71449,1.76819,-0.0196116,0.0980581,0,0.1
94.7,4.05612,4.7194,1.76819,-0.0196116,0.0980581,0,0.1
94.75,4.05514,4.7243,1.76819,-0.0196116,0.0980581,0,0.1
94.8,4.05416,4.7292,1.76819,-0.0196116,0.0980581,0,0.1
94.85,4.05318,4.73411,1.76819,-0.0196116,0.0980581,0,0.1
94.9,4.0522,4.73901,1.76819,-0.0196116,0.0980581,0,0.1
94.95,4.05122,4.74391,1.76819,-0.0196116,0.0980581,0,0.1
95,4.05024,4.74881,1.76819,-0.0196116,0.0980581,0,0.1
95.05,4.04926,4.75372,1.76819,-0.0196116,0.0980581,0,0.1
95.1,4.04828,4.75862,1.76819,-0.0196116,0.0980581,0,0.1
95.15,4.0473,4.76352,1.76819,-0.0196116,0.0980581,0,0.1
95.2,4.04631,4.76843,1.76819,-0.0196116,0.0980581,0,0.1
95.25,4.04533,4.77333,1.76819,-0.0196116,0.0980581,0,0.1
95.3,4.04435,4.77823,1.76819,-0.0196116,0.0980581,0,0.1
95.35,4.04337,4.78313,1.76819,-0.0196116,0.0980581,0,0.1
95.4,4.04239,4.78804,1.76819,-0.0196116,0.0980581,0,0.1
95.45,4.04141,4.79294,1.76819,-0.0196116,0.0980581,0,0.1
95.5,4.04043,4.79784,1.76819,-0.0196116,0.0980581,0,0.1
95.55,4.03945,4.80275,1.76819,-0.0196116,0.0980581,0,0.1
95.6,4.03847,4.80765,1.76819,-0.0196116,0.0980581,0,0.1
95.65,4.03749,4.81255,1.76819,-0.0196116,0.0980581,0,0.1
95.7,4.03651,4.81746,1.76819,-0.0196116,0.0980581,0,0.1
95.75,4.03553,4.82236,1.76819,-0.0196116,0.0980581,0,0.1
95.8,4.03455,4.82726,1.76819,-0.0196116,0.0980581,0,0.1
95.85,4.03357,4.83216,1.76819,-0.0196116,0.0980581,0,0.1
95.9,4.03259,4.83707,1.76819,-0.0196116,0.0980581,0,0.1
95.95,4.03161,4.84197,1.76819,-0.0196116,0.0980581,0,0.1
96,4.03063,4.84687,1.76819,-0.0196116,0.0980581,0,0.1
96.05,4.02964,4.85178,1.76819,-0.0196116,0.0980581,0,0.1
96.1,4.02866,4.85668,1.76819,-0.0196116,0.0980581,0,0.1
96.15,4.02768,4.86158,1.76819,-0.0196116,0.0980581,0,0.1
96.2,4.0267,4.86648,1.76819,-0.0196116,0.0980581,0,0.1
96.25,4.02572,4.87139,1.76819,-0.0196116,0.0980581,0,0.1
96.3,4.02474,4.87629,1.76819,-0.0196116,0.0980581,0,0.1
96.35,4.02376,4.88119,1.76819,-0.0196116,0.0980581,0,0.1
96.4,4.02278,4.8861,1.76819,-0.0196116,0.0980581,0,0.1
96.45,4.0218,4.891,1.76819,-0.0196116,0.0980581,0,0.1
96.5,4.02082,4.8959,1.76819,-0.0196116,0.0980581,0,0.1
96.55,4.01984,4.9008,1.76819,-0.0196116,0.0980581,0,0.1
96.6,4.01886,4.90571,1.76819,-0.0196116,0.0980581,0,0.1
96.65,4.01788,4.91061,1.76819,-0.0196116,0.0980581,0,0.1
96.7,4.0169,4.91551,1.76819,-0.0196116,0.0980581,0,0.1
96.75,4.01592,4.92042,1.76819,-0.0196116,0.0980581,0,0.1
96.8,4.01494,4.92532,1.76819,-0.0196116,0.0980581,0,0.1
96.85,4.01396,4.93022,1.76819,-0.0196116,0.0980581,0,0.1
96.9,4.01298,4.93512,1.76819,-0.0196116,0.0980581,0,0.1
96.95,4.01199,4.94003,1.76819,-0.0196116,0.0980581,0,0.1
97,4.01101,4.94493,1.76819,-0.0196116,0.0980581,0,0.1
97.05,4.01003,4.94983,1.76819,-0.0196116,0.0980581,0,0.1
97.1,4.00905,4.95474,1.76819,-0.0196116,0.0980581,0,0.1
97.15,4.00807,4.95964,1.76819,-0.0196116,0.0980581,0,0.1
97.2,4.00709,4.96454,1.76819,-0.0196116,0.0980581,0,0.1
97.25,4.00611,4.96945,1.76819,-0.0196116,0.0980581,0,0.1
97.3,4.00513,4.97435,1.76819,-0.0196116,0.0980581,0,0.1
97.35,4.00415,4.97925,1.76819,-0.0196116,0.0980581,0,0.1
97.4,4.00317,4.98415,1.76819,-0.0195977,0.0979887,0,0.0999292
97.45,4.00221,4.98895,1.76819,-0.0185086,0.0925429,0,0.0943756
97.5,4.00135,4.99326,1.76819,-0.0156806,0.0784029,0,0.0799556
97.55,4.00067,4.99665,1.76819,-0.0111137,0.0555686,0,0.0566691
97.6,4.00025,4.99874,1.76819,-0.00583368,0.0291684,0,0.029746
97.65,4.00006,4.99971,1.76819,-0.0021989,0.0109945,0,0.0112122
97.7,4,4.99999,1.76819,-0.000302982,0.00151491,0,0.00154491
97.75,4,5,1.76819,0,0,0,0
