0,0,0,-0,1.047198,-0.10472
0.050042,0.052403,-0.000137,-0.005241,1.047154,-0.104733
0.100083,0.104799,-0.000549,-0.010482,1.047025,-0.104772
0.150125,0.157185,-0.001236,-0.015727,1.046809,-0.104836
0.200167,0.209553,-0.002197,-0.020975,1.046508,-0.104927
0.250209,0.261898,-0.003432,-0.026229,1.04612,-0.105044
0.30025,0.314214,-0.004943,-0.031489,1.045646,-0.105186
0.350292,0.366496,-0.006727,-0.036757,1.045086,-0.105355
0.400334,0.418737,-0.008786,-0.042034,1.044441,-0.10555
0.450375,0.470933,-0.01112,-0.047321,1.043711,-0.105772
0.500417,0.523077,-0.013728,-0.05262,1.042895,-0.106019
0.550459,0.575163,-0.016609,-0.057932,1.041994,-0.106294
0.6005,0.627186,-0.019766,-0.063259,1.041009,-0.106595
0.650542,0.67914,-0.023196,-0.068601,1.039939,-0.106922
0.700584,0.73102,-0.0269,-0.07396,1.038785,-0.107277
0.750626,0.782819,-0.030878,-0.079338,1.037547,-0.107659
0.800667,0.834533,-0.03513,-0.084736,1.036226,-0.108068
0.850709,0.886154,-0.039655,-0.090154,1.034822,-0.108505
0.900751,0.937679,-0.044454,-0.095596,1.033336,-0.10897
0.950792,0.9891,-0.049527,-0.101061,1.031768,-0.109462
1.000834,1.040413,-0.054872,-0.106551,1.030118,-0.109983
1.050876,1.091611,-0.060491,-0.112069,1.028387,-0.110532
1.100917,1.14269,-0.066383,-0.117614,1.026576,-0.111111
1.150959,1.193643,-0.072547,-0.12319,1.024685,-0.111718
1.201001,1.244465,-0.078984,-0.128796,1.022714,-0.112354
1.251043,1.29515,-0.085694,-0.134435,1.020665,-0.11302
1.301084,1.345693,-0.092676,-0.140108,1.018538,-0.113717
1.351126,1.396088,-0.09993,-0.145817,1.016334,-0.114443
1.401168,1.44633,-0.107455,-0.151562,1.014053,-0.1152
1.451209,1.496412,-0.115253,-0.157347,1.011697,-0.115988
1.501251,1.546331,-0.123322,-0.163171,1.009265,-0.116808
1.551293,1.59608,-0.131662,-0.169038,1.00676,-0.117659
1.601334,1.645653,-0.140273,-0.174948,1.00418,-0.118543
1.651376,1.695045,-0.149155,-0.180902,1.001529,-0.119459
1.701418,1.744252,-0.158307,-0.186904,0.998806,-0.120408
1.75146,1.793267,-0.16773,-0.192954,0.996012,-0.12139
1.801501,1.842084,-0.177422,-0.199054,0.993149,-0.122406
1.851543,1.8907,-0.187385,-0.205205,0.990217,-0.123457
1.901585,1.939108,-0.197616,-0.21141,0.987218,-0.124542
1.951626,1.987302,-0.208117,-0.21767,0.984152,-0.125663
2.001668,2.035279,-0.218887,-0.223988,0.98102,-0.12682
2.05171,2.083032,-0.229926,-0.230364,0.977824,-0.128012
2.101751,2.130556,-0.241233,-0.2368,0.974566,-0.129242
2.151793,2.177846,-0.252807,-0.243299,0.971245,-0.130509
2.201835,2.224897,-0.26465,-0.249862,0.967864,-0.131813
2.251877,2.271703,-0.27676,-0.256492,0.964423,-0.133156
2.301918,2.31826,-0.289137,-0.26319,0.960925,-0.134538
2.35196,2.364562,-0.30178,-0.269958,0.957369,-0.135959
2.402002,2.410605,-0.31469,-0.276798,0.953759,-0.137419
2.452043,2.456383,-0.327866,-0.283712,0.950095,-0.138921
2.502085,2.501891,-0.341307,-0.290702,0.946378,-0.140463
2.552127,2.547124,-0.355014,-0.29777,0.942611,-0.142047
2.602168,2.592077,-0.368985,-0.304919,0.938794,-0.143672
2.65221,2.636746,-0.383221,-0.31215,0.93493,-0.145341
2.702252,2.681125,-0.397721,-0.319466,0.93102,-0.147052
2.752294,2.725209,-0.412485,-0.326869,0.927066,-0.148807
2.802335,2.768994,-0.427512,-0.33436,0.923069,-0.150606
2.852377,2.812475,-0.442802,-0.341943,0.919031,-0.15245
2.902419,2.855647,-0.458354,-0.349619,0.914954,-0.154339
2.95246,2.898506,-0.474169,-0.35739,0.91084,-0.156273
3.002502,2.941046,-0.490245,-0.36526,0.906691,-0.158254
3.052544,2.983263,-0.506582,-0.373229,0.902509,-0.160281
3.102585,3.025152,-0.52318,-0.381302,0.898296,-0.162354
3.152627,3.066709,-0.540038,-0.389479,0.894054,-0.164475
3.202669,3.107929,-0.557156,-0.397764,0.889784,-0.166643
3.252711,3.148807,-0.574533,-0.406158,0.88549,-0.168859
3.302752,3.18934,-0.592169,-0.414665,0.881173,-0.171122
3.352794,3.229523,-0.610063,-0.423285,0.876835,-0.173434
3.402836,3.26935,-0.628216,-0.432023,0.87248,-0.175795
3.452877,3.308819,-0.646625,-0.44088,0.868109,-0.178203
3.502919,3.347924,-0.665292,-0.449859,0.863724,-0.18066
3.552961,3.386661,-0.684214,-0.458962,0.859329,-0.183166
3.603003,3.425027,-0.703393,-0.468192,0.854925,-0.185719
3.653044,3.463016,-0.722827,-0.477551,0.850516,-0.188321
3.703086,3.500625,-0.742516,-0.487041,0.846104,-0.19097
3.753128,3.537849,-0.762459,-0.496664,0.841691,-0.193667
3.803169,3.574685,-0.782655,-0.506424,0.837281,-0.19641
3.853211,3.611128,-0.803105,-0.516322,0.832875,-0.1992
3.903253,3.647174,-0.823807,-0.526362,0.828478,-0.202035
3.953294,3.68282,-0.844761,-0.536544,0.824092,-0.204914
4.003336,3.718061,-0.865967,-0.546871,0.819719,-0.207837
4.053378,3.752894,-0.887423,-0.557345,0.815364,-0.210803
4.10342,3.787314,-0.90913,-0.567969,0.811028,-0.213809
4.153461,3.821319,-0.931087,-0.578745,0.806715,-0.216856
4.203503,3.854903,-0.953292,-0.589674,0.802429,-0.21994
4.253545,3.888065,-0.975746,-0.600758,0.798172,-0.22306
4.303586,3.920799,-0.998447,-0.611999,0.793948,-0.226215
4.353628,3.953103,-1.021396,-0.623399,0.789761,-0.229402
4.40367,3.984972,-1.044592,-0.634959,0.785612,-0.232619
4.453711,4.016403,-1.068033,-0.64668,0.781507,-0.235862
4.503753,4.047394,-1.09172,-0.658565,0.777448,-0.23913
4.553795,4.07794,-1.115651,-0.670614,0.773439,-0.242419
4.603837,4.108038,-1.139826,-0.682827,0.769483,-0.245725
4.653878,4.137684,-1.164245,-0.695207,0.765585,-0.249046
4.70392,4.166876,-1.188906,-0.707753,0.761747,-0.252378
4.753962,4.195611,-1.213809,-0.720466,0.757973,-0.255716
4.804003,4.223884,-1.238954,-0.733346,0.754268,-0.259056
4.854045,4.251694,-1.264339,-0.746393,0.750634,-0.262394
4.904087,4.279037,-1.289964,-0.759607,0.747076,-0.265724
4.954128,4.305909,-1.315828,-0.772987,0.743597,-0.269043
5.00417,4.332309,-1.34193,-0.786533,0.740201,-0.272344
5.054212,4.358233,-1.368271,-0.800244,0.736891,-0.275623
5.104254,4.383678,-1.394848,-0.814118,0.733673,-0.278872
5.154295,4.408641,-1.421662,-0.828154,0.730548,-0.282087
5.204337,4.43312,-1.448711,-0.84235,0.727522,-0.285262
5.254379,4.457112,-1.475995,-0.856703,0.724597,-0.288389
5.30442,4.480615,-1.503513,-0.871212,0.721777,-0.291463
5.354462,4.503626,-1.531265,-0.885873,0.719067,-0.294476
5.404504,4.526141,-1.559249,-0.900683,0.716469,-0.297422
5.454545,4.54816,-1.587465,-0.915638,0.713988,-0.300294
5.504587,4.569679,-1.615912,-0.930736,0.711626,-0.303085
5.554629,4.590696,-1.644589,-0.945971,0.709388,-0.305788
5.604671,4.611209,-1.673495,-0.961339,0.707276,-0.308396
5.654712,4.631215,-1.70263,-0.976834,0.705294,-0.310902
5.704754,4.650713,-1.731994,-0.992453,0.703445,-0.313299
5.754796,4.6697,-1.761584,-1.008189,0.701733,-0.31558
5.804837,4.688173,-1.7914,-1.024035,0.70016,-0.317739
5.854879,4.706132,-1.821442,-1.039987,0.698729,-0.319768
5.904921,4.723574,-1.851708,-1.056036,0.697442,-0.321662
5.954962,4.740497,-1.882198,-1.072177,0.696304,-0.323414
6.005004,4.756899,-1.912911,-1.088402,0.695316,-0.325019
6.055046,4.772779,-1.943847,-1.104704,0.69448,-0.326472
6.105088,4.788135,-1.975003,-1.121074,0.693799,-0.327766
6.155129,4.802964,-2.00638,-1.137505,0.693275,-0.328899
6.205171,4.817266,-2.037976,-1.153989,0.692909,-0.329865
6.255213,4.831039,-2.069791,-1.170516,0.692704,-0.33066
6.305254,4.844281,-2.101824,-1.187079,0.692661,-0.331283
6.355296,4.856991,-2.134073,-1.203669,0.692781,-0.33173
6.405338,4.869168,-2.166539,-1.220277,0.693065,-0.331998
6.455379,4.88081,-2.199219,-1.236894,0.693515,-0.332087
6.505421,4.891915,-2.232114,-1.253511,0.694132,-0.331996
6.555463,4.902483,-2.265223,-1.270118,0.694915,-0.331725
6.605505,4.912513,-2.298543,-1.286708,0.695866,-0.331272
6.655546,4.922003,-2.332075,-1.30327,0.696984,-0.330641
6.705588,4.930953,-2.365818,-1.319796,0.69827,-0.329831
6.75563,4.939361,-2.39977,-1.336278,0.699724,-0.328846
6.805671,4.947226,-2.433931,-1.352705,0.701344,-0.327687
6.855713,4.954548,-2.4683,-1.369071,0.703132,-0.326358
6.905755,4.961325,-2.502876,-1.385366,0.705085,-0.324862
6.955796,4.967558,-2.537658,-1.401582,0.707203,-0.323204
7.005838,4.973245,-2.572644,-1.41771,0.709485,-0.321388
7.05588,4.978386,-2.607834,-1.433745,0.71193,-0.319419
7.105922,4.982979,-2.643228,-1.449676,0.714535,-0.317303
7.155963,4.987026,-2.678823,-1.465499,0.717301,-0.315045
7.206005,4.990525,-2.71462,-1.481205,0.720224,-0.312651
7.256047,4.993475,-2.750616,-1.496788,0.723304,-0.310128
7.306088,4.995877,-2.786812,-1.512242,0.726538,-0.307482
7.35613,4.99773,-2.823206,-1.52756,0.729923,-0.30472
7.406172,4.999035,-2.859797,-1.542737,0.733458,-0.301848
7.456214,4.99979,-2.896584,-1.557768,0.73714,-0.298873
7.506255,4.999996,-2.933566,-1.572648,0.740967,-0.295803
7.556297,4.999652,-2.970742,-1.587372,0.744935,-0.292645
7.606339,4.99876,-3.008111,-1.601935,0.749043,-0.289405
7.65638,4.997318,-3.045672,-1.616335,0.753288,-0.28609
7.706422,4.995328,-3.083424,-1.630567,0.757666,-0.282707
7.756464,4.992789,-3.121366,-1.644628,0.762174,-0.279263
7.806505,4.989701,-3.159497,-1.658516,0.766811,-0.275765
7.856547,4.986066,-3.197815,-1.672227,0.771571,-0.272219
7.906589,4.981882,-3.236321,-1.68576,0.776453,-0.26863
7.956631,4.977152,-3.275012,-1.699112,0.781453,-0.265007
8.006672,4.971874,-3.313888,-1.712282,0.786569,-0.261353
8.056714,4.966051,-3.352948,-1.725269,0.791795,-0.257676
8.106756,4.959682,-3.39219,-1.738071,0.79713,-0.253979
8.156797,4.952768,-3.431613,-1.750687,0.80257,-0.25027
8.206839,4.94531,-3.471217,-1.763118,0.808112,-0.246552
8.256881,4.937309,-3.511,-1.775363,0.813753,-0.24283
8.306922,4.928766,-3.550962,-1.787422,0.819488,-0.239108
8.356964,4.919681,-3.5911,-1.799294,0.825315,-0.235392
8.407006,4.910056,-3.631415,-1.810981,0.83123,-0.231684
8.457048,4.899892,-3.671904,-1.822482,0.837231,-0.227989
8.507089,4.889189,-3.712567,-1.833799,0.843313,-0.22431
8.557131,4.877949,-3.753403,-1.844932,0.849473,-0.22065
8.607173,4.866174,-3.79441,-1.855883,0.855709,-0.217013
8.657214,4.853864,-3.835588,-1.866652,0.862016,-0.2134
8.707256,4.841021,-3.876935,-1.877241,0.868392,-0.209815
8.757298,4.827646,-3.91845,-1.887651,0.874834,-0.20626
8.807339,4.81374,-3.960133,-1.897885,0.881337,-0.202736
8.857381,4.799306,-4.001981,-1.907942,0.8879,-0.199247
8.907423,4.784345,-4.043994,-1.917826,0.894519,-0.195793
8.957465,4.768858,-4.08617,-1.927539,0.90119,-0.192376
9.007506,4.752848,-4.128509,-1.937081,0.907911,-0.188997
9.057548,4.736315,-4.171009,-1.946455,0.914679,-0.185659
9.10759,4.719262,-4.213669,-1.955663,0.92149,-0.182361
9.157631,4.701691,-4.256488,-1.964707,0.928342,-0.179105
9.207673,4.683603,-4.299464,-1.973589,0.935232,-0.175892
9.257715,4.665001,-4.342597,-1.982311,0.942157,-0.172721
9.307756,4.645886,-4.385886,-1.990876,0.949114,-0.169594
9.357798,4.626261,-4.429329,-1.999286,0.9561,-0.166512
9.40784,4.606128,-4.472925,-2.007542,0.963113,-0.163474
9.457882,4.585489,-4.516672,-2.015647,0.97015,-0.16048
9.507923,4.564346,-4.56057,-2.023604,0.977207,-0.157532
9.557965,4.542702,-4.604618,-2.031414,0.984284,-0.154628
9.608007,4.520559,-4.648813,-2.039081,0.991376,-0.151769
9.658048,4.497919,-4.693156,-2.046605,0.998481,-0.148954
9.70809,4.474785,-4.737644,-2.053989,1.005598,-0.146184
9.758132,4.45116,-4.782277,-2.061236,1.012722,-0.143459
9.808173,4.427046,-4.827053,-2.068348,1.019853,-0.140777
9.858215,4.402445,-4.871971,-2.075326,1.026986,-0.13814
9.908257,4.377361,-4.91703,-2.082174,1.034121,-0.135545
9.958299,4.351796,-4.962229,-2.088893,1.041255,-0.132994
10.00834,4.325753,-5.007566,-2.095485,1.048386,-0.130484
10.058382,4.299235,-5.05304,-2.101953,1.05551,-0.128017
10.108424,4.272245,-5.09865,-2.108298,1.062627,-0.125592
10.158465,4.244785,-5.144394,-2.114523,1.069733,-0.123207
10.208507,4.216859,-5.190272,-2.12063,1.076827,-0.120862
10.258549,4.18847,-5.236282,-2.12662,1.083907,-0.118558
10.30859,4.159621,-5.282422,-2.132496,1.09097,-0.116292
10.358632,4.130315,-5.328693,-2.13826,1.098015,-0.114066
10.408674,4.100555,-5.375091,-2.143913,1.105039,-0.111877
10.458716,4.070345,-5.421617,-2.149457,1.112041,-0.109725
10.508757,4.039688,-5.468268,-2.154895,1.119018,-0.10761
10.558799,4.008587,-5.515044,-2.160228,1.125969,-0.105531
10.608841,3.977045,-5.561943,-2.165458,1.132892,-0.103488
10.658882,3.945067,-5.608963,-2.170586,1.139785,-0.101479
10.708924,3.912656,-5.656105,-2.175615,1.146646,-0.099504
10.758966,3.879814,-5.703365,-2.180545,1.153473,-0.097563
10.809008,3.846547,-5.750744,-2.185379,1.160265,-0.095654
10.859049,3.812857,-5.798239,-2.190119,1.16702,-0.093777
10.909091,3.778748,-5.84585,-2.194766,1.173737,-0.091932
10.959133,3.744224,-5.893575,-2.199321,1.180412,-0.090118
11.009174,3.709289,-5.941412,-2.203785,1.187046,-0.088334
11.059216,3.673946,-5.989361,-2.208162,1.193636,-0.086579
11.109258,3.6382,-6.03742,-2.212451,1.200181,-0.084853
11.159299,3.602054,-6.085588,-2.216655,1.20668,-0.083156
11.209341,3.565512,-6.133864,-2.220774,1.21313,-0.081486
11.259383,3.528579,-6.182245,-2.22481,1.21953,-0.079843
11.309425,3.491259,-6.230732,-2.228765,1.225879,-0.078226
11.359466,3.453554,-6.279322,-2.23264,1.232176,-0.076636
11.409508,3.415471,-6.328014,-2.236436,1.238418,-0.07507
11.45955,3.377012,-6.376807,-2.240154,1.244605,-0.073529
11.509591,3.338182,-6.425699,-2.243795,1.250735,-0.072012
11.559633,3.298986,-6.47469,-2.247361,1.256807,-0.070519
11.609675,3.259427,-6.523777,-2.250853,1.26282,-0.069049
11.659716,3.21951,-6.57296,-2.254272,1.268771,-0.067601
11.709758,3.17924,-6.622237,-2.257619,1.274661,-0.066174
11.7598,3.13862,-6.671607,-2.260896,1.280488,-0.064769
11.809842,3.097656,-6.721068,-2.264102,1.28625,-0.063385
11.859883,3.056351,-6.770619,-2.26724,1.291946,-0.062021
11.909925,3.01471,-6.820259,-2.27031,1.297576,-0.060677
11.959967,2.972739,-6.869986,-2.273313,1.303138,-0.059352
12.010008,2.930441,-6.919799,-2.27625,1.30863,-0.058046
12.06005,2.887821,-6.969697,-2.279123,1.314052,-0.056759
12.110092,2.844884,-7.019678,-2.281931,1.319403,-0.055489
12.160133,2.801634,-7.069741,-2.284677,1.324682,-0.054236
12.210175,2.758076,-7.119884,-2.28736,1.329887,-0.053001
12.260217,2.714216,-7.170107,-2.289981,1.335018,-0.051781
12.310259,2.670057,-7.220407,-2.292542,1.340073,-0.050578
12.3603,2.625606,-7.270783,-2.295044,1.345052,-0.049391
12.410342,2.580865,-7.321234,-2.297486,1.349954,-0.048219
12.460384,2.535842,-7.371759,-2.29987,1.354777,-0.047061
12.510425,2.490539,-7.422356,-2.302196,1.359521,-0.045918
12.560467,2.444963,-7.473024,-2.304466,1.364185,-0.044789
12.610509,2.399119,-7.523762,-2.306679,1.368768,-0.043673
12.66055,2.353011,-7.574567,-2.308837,1.373269,-0.042571
12.710592,2.306645,-7.625439,-2.31094,1.377688,-0.041481
12.760634,2.260025,-7.676376,-2.312989,1.382023,-0.040404
12.810676,2.213157,-7.727377,-2.314984,1.386273,-0.039339
12.860717,2.166046,-7.77844,-2.316926,1.390439,-0.038285
12.910759,2.118697,-7.829564,-2.318816,1.394518,-0.037243
12.960801,2.071115,-7.880748,-2.320654,1.398511,-0.036212
13.010842,2.023305,-7.93199,-2.32244,1.402417,-0.035192
13.060884,1.975274,-7.983289,-2.324176,1.406235,-0.034182
13.110926,1.927025,-8.034644,-2.325861,1.409964,-0.033182
13.160967,1.878565,-8.086052,-2.327497,1.413603,-0.032192
13.211009,1.829899,-8.137513,-2.329083,1.417153,-0.031211
13.261051,1.781031,-8.189025,-2.330621,1.420612,-0.030239
13.311093,1.731968,-8.240586,-2.33211,1.423979,-0.029276
13.361134,1.682715,-8.292196,-2.333551,1.427255,-0.028321
13.411176,1.633276,-8.343853,-2.334945,1.430438,-0.027375
13.461218,1.583659,-8.395556,-2.336291,1.433528,-0.026436
13.511259,1.533867,-8.447302,-2.33759,1.436525,-0.025505
13.561301,1.483907,-8.499091,-2.338844,1.439428,-0.024582
13.611343,1.433784,-8.550921,-2.340051,1.442236,-0.023665
13.661384,1.383503,-8.602792,-2.341212,1.444949,-0.022755
13.711426,1.333071,-8.6547,-2.342328,1.447566,-0.021851
13.761468,1.282492,-8.706645,-2.343399,1.450087,-0.020954
13.81151,1.231772,-8.758626,-2.344426,1.452512,-0.020063
13.861551,1.180916,-8.810641,-2.345407,1.45484,-0.019177
13.911593,1.129932,-8.862689,-2.346345,1.457071,-0.018296
13.961635,1.078823,-8.914768,-2.347239,1.459204,-0.017421
14.011676,1.027595,-8.966877,-2.348089,1.46124,-0.016551
14.061718,0.976255,-9.019014,-2.348895,1.463177,-0.015685
14.11176,0.924807,-9.071178,-2.349658,1.465015,-0.014823
14.161802,0.873258,-9.123367,-2.350379,1.466754,-0.013966
14.211843,0.821613,-9.175581,-2.351056,1.468394,-0.013113
14.261885,0.769877,-9.227817,-2.351691,1.469934,-0.012263
14.311927,0.718057,-9.280075,-2.352284,1.471375,-0.011417
14.361968,0.666159,-9.332352,-2.352834,1.472716,-0.010574
14.41201,0.614187,-9.384647,-2.353342,1.473956,-0.009733
14.462052,0.562147,-9.43696,-2.353808,1.475096,-0.008896
14.512093,0.510046,-9.489288,-2.354232,1.476135,-0.008061
14.562135,0.457889,-9.54163,-2.354615,1.477073,-0.007228
14.612177,0.405681,-9.593984,-2.354956,1.47791,-0.006397
14.662219,0.353429,-9.64635,-2.355255,1.478646,-0.005568
14.71226,0.301138,-9.698725,-2.355513,1.479281,-0.00474
14.762302,0.248814,-9.751109,-2.35573,1.479814,-0.003914
14.812344,0.196463,-9.803499,-2.355905,1.480246,-0.003089
14.862385,0.14409,-9.855895,-2.356039,1.480577,-0.002264
14.912427,0.091701,-9.908295,-2.356131,1.480805,-0.001441
14.962469,0.039302,-9.960697,-2.356183,1.480932,-0.000617
15.01251,-0.013101,-10.013101,-2.356193,1.480958,0.000206
15.062552,-0.065503,-10.065504,-2.356162,1.480882,0.001029
15.112594,-0.117897,-10.117905,-2.35609,1.480704,0.001853
15.162636,-0.170279,-10.170303,-2.355977,1.480424,0.002677
15.212677,-0.222641,-10.222697,-2.355822,1.480043,0.003501
15.262719,-0.27498,-10.275084,-2.355626,1.47956,0.004327
15.312761,-0.327288,-10.327464,-2.355389,1.478976,0.005154
15.362802,-0.37956,-10.379834,-2.355111,1.478291,0.005982
15.412844,-0.431791,-10.432195,-2.35479,1.477504,0.006812
15.462886,-0.483974,-10.484543,-2.354429,1.476616,0.007644
15.512927,-0.536104,-10.536878,-2.354025,1.475628,0.008478
15.562969,-0.588175,-10.589198,-2.35358,1.474538,0.009314
15.613011,-0.640181,-10.641503,-2.353093,1.473348,0.010153
15.663053,-0.692117,-10.693789,-2.352564,1.472058,0.010995
15.713094,-0.743978,-10.746057,-2.351993,1.470667,0.01184
15.763136,-0.795756,-10.798304,-2.351379,1.469177,0.012688
15.813178,-0.847447,-10.850529,-2.350723,1.467587,0.013539
15.863219,-0.899045,-10.902731,-2.350024,1.465897,0.014394
15.913261,-0.950544,-10.954908,-2.349282,1.464108,0.015254
15.963303,-1.001939,-11.007058,-2.348497,1.46222,0.016117
16.013344,-1.053223,-11.059181,-2.347669,1.460234,0.016985
16.063386,-1.104392,-11.111275,-2.346797,1.45815,0.017858
16.113428,-1.15544,-11.163339,-2.345882,1.455968,0.018736
16.16347,-1.206361,-11.21537,-2.344922,1.453688,0.019619
16.213511,-1.257149,-11.267368,-2.343918,1.451312,0.020508
16.263553,-1.307799,-11.319332,-2.342869,1.448839,0.021402
16.313595,-1.358306,-11.371259,-2.341776,1.446269,0.022302
16.363636,-1.408663,-11.423148,-2.340637,1.443604,0.023209
16.413678,-1.458865,-11.474999,-2.339453,1.440843,0.024122
16.46372,-1.508908,-11.526809,-2.338223,1.437988,0.025043
16.513761,-1.558784,-11.578577,-2.336947,1.435038,0.02597
16.563803,-1.60849,-11.630301,-2.335624,1.431995,0.026905
16.613845,-1.658018,-11.681981,-2.334254,1.428858,0.027847
16.663887,-1.707365,-11.733615,-2.332836,1.425629,0.028798
16.713928,-1.756524,-11.785201,-2.331371,1.422307,0.029756
16.76397,-1.80549,-11.836738,-2.329858,1.418894,0.030724
16.814012,-1.854257,-11.888224,-2.328296,1.415389,0.0317
16.864053,-1.902821,-11.939659,-2.326685,1.411795,0.032686
16.914095,-1.951176,-11.99104,-2.325025,1.40811,0.033681
16.964137,-1.999317,-12.042367,-2.323314,1.404337,0.034686
17.014178,-2.047238,-12.093638,-2.321553,1.400475,0.035701
17.06422,-2.094934,-12.144851,-2.319741,1.396526,0.036726
17.114262,-2.142401,-12.196005,-2.317877,1.392489,0.037763
17.164304,-2.189631,-12.247099,-2.315961,1.388367,0.038811
17.214345,-2.236622,-12.298132,-2.313993,1.384159,0.03987
17.264387,-2.283366,-12.349101,-2.311971,1.379866,0.040941
17.314429,-2.32986,-12.400005,-2.309895,1.375489,0.042024
17.36447,-2.376098,-12.450844,-2.307765,1.371029,0.04312
17.414512,-2.422074,-12.501616,-2.305579,1.366487,0.044229
17.464554,-2.467785,-12.552318,-2.303338,1.361863,0.045352
17.514595,-2.513225,-12.602951,-2.30104,1.357159,0.046488
17.564637,-2.558389,-12.653512,-2.298685,1.352376,0.047638
17.614679,-2.603271,-12.704,-2.296272,1.347513,0.048803
17.664721,-2.647868,-12.754415,-2.2938,1.342573,0.049983
17.714762,-2.692174,-12.804753,-2.291269,1.337555,0.051178
17.764804,-2.736184,-12.855014,-2.288678,1.332462,0.052389
17.814846,-2.779893,-12.905197,-2.286026,1.327294,0.053616
17.864887,-2.823297,-12.955301,-2.283312,1.322052,0.05486
17.914929,-2.866391,-13.005323,-2.280535,1.316737,0.056122
17.964971,-2.909171,-13.055262,-2.277695,1.31135,0.0574
18.015013,-2.95163,-13.105118,-2.27479,1.305893,0.058697
18.065054,-2.993766,-13.154888,-2.27182,1.300365,0.060013
18.115096,-3.035572,-13.204572,-2.268783,1.29477,0.061347
18.165138,-3.077045,-13.254168,-2.26568,1.289106,0.062701
18.215179,-3.118181,-13.303674,-2.262508,1.283377,0.064075
18.265221,-3.158973,-13.353089,-2.259266,1.277582,0.065469
18.315263,-3.199419,-13.402413,-2.255955,1.271724,0.066885
18.365304,-3.239513,-13.451643,-2.252572,1.265803,0.068322
18.415346,-3.279251,-13.500778,-2.249117,1.259821,0.069781
18.465388,-3.318629,-13.549818,-2.245588,1.253778,0.071263
18.51543,-3.357643,-13.598759,-2.241984,1.247677,0.072768
18.565471,-3.396288,-13.647602,-2.238304,1.241518,0.074297
18.615513,-3.43456,-13.696345,-2.234548,1.235304,0.07585
18.665555,-3.472454,-13.744986,-2.230713,1.229034,0.077428
18.715596,-3.509967,-13.793525,-2.226798,1.222711,0.079031
18.765638,-3.547095,-13.841959,-2.222803,1.216336,0.080661
18.81568,-3.583832,-13.890287,-2.218725,1.209911,0.082317
18.865721,-3.620177,-13.938509,-2.214563,1.203437,0.084001
18.915763,-3.656123,-13.986623,-2.210317,1.196915,0.085713
18.965805,-3.691668,-14.034627,-2.205985,1.190347,0.087453
19.015847,-3.726808,-14.082521,-2.201564,1.183735,0.089222
19.065888,-3.761538,-14.130302,-2.197054,1.17708,0.091021
19.11593,-3.795854,-14.17797,-2.192454,1.170383,0.092851
19.165972,-3.829754,-14.225523,-2.187761,1.163648,0.094712
19.216013,-3.863234,-14.27296,-2.182974,1.156874,0.096604
19.266055,-3.896288,-14.32028,-2.178092,1.150064,0.098529
19.316097,-3.928915,-14.367481,-2.173113,1.143219,0.100487
19.366138,-3.961111,-14.414562,-2.168034,1.136342,0.102479
19.41618,-3.992871,-14.461522,-2.162856,1.129434,0.104505
19.466222,-4.024193,-14.50836,-2.157575,1.122497,0.106566
19.516264,-4.055072,-14.555073,-2.152189,1.115533,0.108663
19.566305,-4.085506,-14.601662,-2.146699,1.108543,0.110796
19.616347,-4.115492,-14.648124,-2.1411,1.10153,0.112966
19.666389,-4.145025,-14.694459,-2.135392,1.094495,0.115174
19.71643,-4.174103,-14.740664,-2.129572,1.087441,0.11742
19.766472,-4.202723,-14.78674,-2.123639,1.080369,0.119705
19.816514,-4.230881,-14.832684,-2.117591,1.073282,0.12203
19.866555,-4.258574,-14.878495,-2.111426,1.066181,0.124394
19.916597,-4.285799,-14.924172,-2.105141,1.05907,0.126799
19.966639,-4.312554,-14.969714,-2.098734,1.051949,0.129246
20.016681,-4.338835,-15.01512,-2.092205,1.044821,0.131734
20.066722,-4.364639,-15.060388,-2.085549,1.037689,0.134264
20.116764,-4.389964,-15.105517,-2.078766,1.030554,0.136837
20.166806,-4.414806,-15.150506,-2.071854,1.023419,0.139453
20.216847,-4.439164,-15.195353,-2.064809,1.016287,0.142113
20.266889,-4.463034,-15.240057,-2.05763,1.009159,0.144816
20.316931,-4.486414,-15.284618,-2.050314,1.002038,0.147564
20.366972,-4.509301,-15.329034,-2.04286,0.994927,0.150356
20.417014,-4.531693,-15.373303,-2.035265,0.987828,0.153193
20.467056,-4.553587,-15.417425,-2.027527,0.980743,0.156074
20.517098,-4.57498,-15.461398,-2.019644,0.973676,0.159
20.567139,-4.595872,-15.505221,-2.011613,0.966629,0.161971
20.617181,-4.616258,-15.548892,-2.003433,0.959604,0.164987
20.667223,-4.636137,-15.592412,-1.9951,0.952604,0.168048
20.717264,-4.655507,-15.635778,-1.986613,0.945632,0.171152
20.767306,-4.674366,-15.678989,-1.97797,0.93869,0.174301
20.817348,-4.692711,-15.722044,-1.969168,0.931783,0.177493
20.867389,-4.710541,-15.764942,-1.960205,0.924911,0.180728
20.917431,-4.727853,-15.807681,-1.951079,0.918079,0.184005
20.967473,-4.744646,-15.850261,-1.941789,0.911289,0.187323
21.017515,-4.760918,-15.892681,-1.932331,0.904544,0.190682
21.067556,-4.776667,-15.934939,-1.922704,0.897848,0.194079
21.117598,-4.791891,-15.977033,-1.912906,0.891203,0.197515
21.16764,-4.806589,-16.018964,-1.902935,0.884612,0.200987
21.217681,-4.820759,-16.060729,-1.89279,0.878078,0.204494
21.267723,-4.834399,-16.102328,-1.882468,0.871605,0.208033
21.317765,-4.847509,-16.143759,-1.871969,0.865196,0.211604
21.367807,-4.860086,-16.185022,-1.86129,0.858854,0.215203
21.417848,-4.872129,-16.226115,-1.85043,0.852582,0.218829
21.46789,-4.883636,-16.267036,-1.839388,0.846383,0.222478
21.517932,-4.894608,-16.307786,-1.828163,0.840262,0.226148
21.567973,-4.905041,-16.348362,-1.816754,0.83422,0.229835
21.618015,-4.914936,-16.388764,-1.80516,0.828262,0.233537
21.668057,-4.924291,-16.428991,-1.793381,0.82239,0.237249
21.718098,-4.933105,-16.469041,-1.781416,0.816609,0.240969
21.76814,-4.941378,-16.508914,-1.769264,0.81092,0.244691
21.818182,-4.949107,-16.548607,-1.756926,0.805329,0.248411
21.868224,-4.956293,-16.588121,-1.744402,0.799838,0.252126
21.918265,-4.962934,-16.627454,-1.731693,0.794449,0.25583
21.968307,-4.969031,-16.666605,-1.718798,0.789168,0.259517
22.018349,-4.974581,-16.705573,-1.70572,0.783997,0.263183
22.06839,-4.979585,-16.744357,-1.692458,0.778939,0.266823
22.118432,-4.984042,-16.782955,-1.679016,0.773997,0.270429
22.168474,-4.987952,-16.821367,-1.665394,0.769176,0.273997
22.218515,-4.991314,-16.859592,-1.651594,0.764477,0.27752
22.268557,-4.994127,-16.897629,-1.637619,0.759904,0.280992
22.318599,-4.996392,-16.935476,-1.623472,0.75546,0.284406
22.368641,-4.998108,-16.973133,-1.609156,0.751149,0.287756
22.418682,-4.999275,-17.010598,-1.594674,0.746972,0.291035
22.468724,-4.999893,-17.047871,-1.58003,0.742933,0.294235
22.518766,-4.999961,-17.08495,-1.565227,0.739035,0.29735
22.568807,-4.999481,-17.121834,-1.550271,0.735281,0.300373
22.618849,-4.998451,-17.158523,-1.535167,0.731672,0.303297
22.668891,-4.996872,-17.195016,-1.519918,0.728211,0.306115
22.718932,-4.994745,-17.231311,-1.504531,0.724902,0.30882
22.768974,-4.992068,-17.267407,-1.489012,0.721745,0.311405
22.819016,-4.988844,-17.303303,-1.473367,0.718743,0.313865
22.869058,-4.985071,-17.339,-1.457602,0.715898,0.316191
22.919099,-4.980751,-17.374494,-1.441724,0.713212,0.318379
22.969141,-4.975883,-17.409786,-1.42574,0.710687,0.320422
23.019183,-4.97047,-17.444875,-1.409657,0.708323,0.322315
23.069224,-4.96451,-17.479759,-1.393484,0.706123,0.324053
23.119266,-4.958004,-17.514438,-1.377228,0.704087,0.32563
23.169308,-4.950955,-17.54891,-1.360897,0.702217,0.327043
23.219349,-4.943361,-17.583175,-1.344499,0.700513,0.328288
23.269391,-4.935224,-17.617232,-1.328043,0.698976,0.32936
23.319433,-4.926546,-17.65108,-1.311538,0.697606,0.330258
23.369475,-4.917326,-17.684717,-1.294993,0.696404,0.330979
23.419516,-4.907566,-17.718144,-1.278416,0.69537,0.331521
23.469558,-4.897267,-17.751358,-1.261816,0.694503,0.331883
23.5196,-4.886429,-17.78436,-1.245203,0.693803,0.332065
23.569641,-4.875056,-17.817148,-1.228585,0.69327,0.332065
23.619683,-4.863146,-17.849721,-1.211972,0.692902,0.331886
23.669725,-4.850703,-17.882079,-1.195372,0.6927,0.331528
23.719766,-4.837727,-17.91422,-1.178794,0.692662,0.330994
23.769808,-4.824219,-17.946144,-1.162248,0.692786,0.330284
23.81985,-4.810181,-17.97785,-1.145741,0.693072,0.329403
23.869892,-4.795615,-18.009336,-1.129283,0.693517,0.328353
23.919933,-4.780523,-18.040603,-1.112881,0.69412,0.327139
23.969975,-4.764905,-18.071649,-1.096544,0.694879,0.325765
24.020017,-4.748763,-18.102473,-1.08028,0.695791,0.324235
24.070058,-4.7321,-18.133075,-1.064096,0.696855,0.322556
24.1201,-4.714918,-18.163453,-1.048,0.698067,0.320732
24.170142,-4.697217,-18.193607,-1.031998,0.699426,0.31877
24.220183,-4.679001,-18.223536,-1.016098,0.700929,0.316675
24.270225,-4.66027,-18.25324,-1.000306,0.702572,0.314455
24.320267,-4.641028,-18.282716,-0.984629,0.704353,0.312115
24.370309,-4.621275,-18.311966,-0.969071,0.706268,0.309663
24.42035,-4.601016,-18.340987,-0.953638,0.708316,0.307105
24.470392,-4.58025,-18.369779,-0.938336,0.710491,0.304448
24.520434,-4.558982,-18.398341,-0.92317,0.712792,0.3017
24.570475,-4.537213,-18.426672,-0.908143,0.715214,0.298868
24.620517,-4.514945,-18.454772,-0.893259,0.717754,0.295958
24.670559,-4.492182,-18.48264,-0.878523,0.720408,0.292977
24.720601,-4.468925,-18.510275,-0.863938,0.723174,0.289933
24.770642,-4.445177,-18.537676,-0.849507,0.726046,0.286832
24.820684,-4.420941,-18.564843,-0.835232,0.729022,0.28368
24.870726,-4.39622,-18.591775,-0.821116,0.732098,0.280485
24.920767,-4.371015,-18.61847,-0.807161,0.735271,0.277251
24.970809,-4.34533,-18.644929,-0.793368,0.738535,0.273987
25.020851,-4.319168,-18.671151,-0.77974,0.741888,0.270696
25.070892,-4.292532,-18.697134,-0.766276,0.745326,0.267385
25.120934,-4.265424,-18.722879,-0.752979,0.748845,0.26406
25.170976,-4.237847,-18.748384,-0.739848,0.752442,0.260725
25.221018,-4.209805,-18.773649,-0.726885,0.756112,0.257386
25.271059,-4.181301,-18.798673,-0.714088,0.759852,0.254046
25.321101,-4.152337,-18.823455,-0.701459,0.763658,0.250711
25.371143,-4.122918,-18.847995,-0.688996,0.767526,0.247384
25.421184,-4.093045,-18.872292,-0.6767,0.771454,0.24407
25.471226,-4.062723,-18.896345,-0.664569,0.775437,0.240772
25.521268,-4.031954,-18.920154,-0.652602,0.779471,0.237493
25.571309,-4.000743,-18.943718,-0.640799,0.783554,0.234237
25.621351,-3.969092,-18.967037,-0.629158,0.787681,0.231007
25.671393,-3.937005,-18.990109,-0.617679,0.79185,0.227805
25.721435,-3.904485,-19.012934,-0.606358,0.796056,0.224634
25.771476,-3.871537,-19.035512,-0.595196,0.800297,0.221496
25.821518,-3.838164,-19.057842,-0.58419,0.804569,0.218393
25.87156,-3.804369,-19.079923,-0.573338,0.808869,0.215328
25.921601,-3.770156,-19.101754,-0.562638,0.813193,0.212301
25.971643,-3.735529,-19.123336,-0.552089,0.817539,0.209315
26.021685,-3.700491,-19.144667,-0.541689,0.821903,0.20637
26.071726,-3.665047,-19.165747,-0.531435,0.826283,0.203469
26.121768,-3.629201,-19.186576,-0.521324,0.830675,0.200611
26.17181,-3.592956,-19.207152,-0.511356,0.835077,0.197799
26.221852,-3.556316,-19.227475,-0.501527,0.839485,0.195033
26.271893,-3.519285,-19.247545,-0.491836,0.843897,0.192313
26.321935,-3.481868,-19.267361,-0.482279,0.84831,0.18964
26.371977,-3.444069,-19.286922,-0.472855,0.852721,0.187014
26.422018,-3.405891,-19.306228,-0.463561,0.857128,0.184437
26.47206,-3.367339,-19.325279,-0.454395,0.861528,0.181907
26.522102,-3.328417,-19.344074,-0.445354,0.865918,0.179426
26.572143,-3.28913,-19.362612,-0.436437,0.870296,0.176993
26.622185,-3.249481,-19.380893,-0.42764,0.87466,0.174608
26.672227,-3.209475,-19.398916,-0.418961,0.879006,0.172272
26.722269,-3.169117,-19.416681,-0.410397,0.883334,0.169985
26.77231,-3.128411,-19.434188,-0.401947,0.88764,0.167745
26.822352,-3.087361,-19.451436,-0.393608,0.891922,0.165553
26.872394,-3.045972,-19.468424,-0.385377,0.896178,0.163408
26.922435,-3.004248,-19.485152,-0.377253,0.900406,0.161311
26.972477,-2.962195,-19.501619,-0.369232,0.904604,0.159261
27.022519,-2.919816,-19.517826,-0.361313,0.90877,0.157258
27.07256,-2.877116,-19.533771,-0.353492,0.912902,0.155301
27.122602,-2.8341,-19.549455,-0.345769,0.916997,0.153389
27.172644,-2.790773,-19.564876,-0.33814,0.921055,0.151523
27.222686,-2.747139,-19.580034,-0.330603,0.925072,0.149701
27.272727,-2.703204,-19.59493,-0.323156,0.929048,0.147924
27.322769,-2.658972,-19.609562,-0.315798,0.932981,0.146191
27.372811,-2.614447,-19.62393,-0.308524,0.936868,0.144501
27.422852,-2.569636,-19.638034,-0.301335,0.940709,0.142854
27.472894,-2.524542,-19.651873,-0.294226,0.944501,0.14125
27.522936,-2.479171,-19.665447,-0.287197,0.948243,0.139687
27.572977,-2.433527,-19.678755,-0.280245,0.951934,0.138165
27.623019,-2.387617,-19.691798,-0.273369,0.955571,0.136684
27.673061,-2.341443,-19.704575,-0.266565,0.959154,0.135243
27.723103,-2.295013,-19.717085,-0.259832,0.962681,0.133842
27.773144,-2.248331,-19.729329,-0.253169,0.966151,0.13248
27.823186,-2.201402,-19.741305,-0.246573,0.969562,0.131156
27.873228,-2.15423,-19.753013,-0.240042,0.972913,0.129871
27.923269,-2.106823,-19.764454,-0.233574,0.976203,0.128623
27.973311,-2.059184,-19.775627,-0.227168,0.97943,0.127411
28.023353,-2.011318,-19.786531,-0.220822,0.982594,0.126237
28.073394,-1.963232,-19.797167,-0.214533,0.985693,0.125098
28.123436,-1.91493,-19.807533,-0.208301,0.988726,0.123995
28.173478,-1.866418,-19.81763,-0.202123,0.991692,0.122927
28.22352,-1.8177,-19.827458,-0.195997,0.994589,0.121894
28.273561,-1.768783,-19.837016,-0.189923,0.997418,0.120895
28.323603,-1.719672,-19.846303,-0.183897,1.000176,0.119929
28.373645,-1.670372,-19.85532,-0.177919,1.002864,0.118996
28.423686,-1.620888,-19.864067,-0.171987,1.005479,0.118097
28.473728,-1.571227,-19.872542,-0.166099,1.008022,0.117229
28.52377,-1.521393,-19.880747,-0.160254,1.01049,0.116394
28.573812,-1.471391,-19.88868,-0.15445,1.012884,0.11559
28.623853,-1.421228,-19.896341,-0.148685,1.015203,0.114818
28.673895,-1.370909,-19.903731,-0.142958,1.017446,0.114076
28.723937,-1.320439,-19.910849,-0.137267,1.019611,0.113365
28.773978,-1.269825,-19.917695,-0.131611,1.021699,0.112684
28.82402,-1.21907,-19.924268,-0.125989,1.023709,0.112032
28.874062,-1.168182,-19.930569,-0.120398,1.02564,0.111411
28.924103,-1.117166,-19.936597,-0.114838,1.027491,0.110818
28.974145,-1.066027,-19.942352,-0.109307,1.029262,0.110254
29.024187,-1.01477,-19.947835,-0.103803,1.030953,0.109719
29.074229,-0.963403,-19.953044,-0.098325,1.032562,0.109212
29.12427,-0.911929,-19.957979,-0.092872,1.034089,0.108734
29.174312,-0.860355,-19.962642,-0.087442,1.035535,0.108283
29.224354,-0.808687,-19.96703,-0.082034,1.036897,0.10786
29.274395,-0.75693,-19.971145,-0.076647,1.038176,0.107465
29.324437,-0.70509,-19.974986,-0.071278,1.039372,0.107096
29.374479,-0.653172,-19.978554,-0.065928,1.040484,0.106755
29.42452,-0.601183,-19.981847,-0.060593,1.041512,0.106441
29.474562,-0.549127,-19.984866,-0.055274,1.042455,0.106153
29.524604,-0.497012,-19.987611,-0.049969,1.043313,0.105892
29.574646,-0.444841,-19.990081,-0.044676,1.044087,0.105658
29.624687,-0.392622,-19.992277,-0.039394,1.044775,0.105449
29.674729,-0.34036,-19.994199,-0.034122,1.045377,0.105267
29.724771,-0.28806,-19.995847,-0.028858,1.045894,0.105112
29.774812,-0.235729,-19.99722,-0.023601,1.046324,0.104982
29.824854,-0.183371,-19.998318,-0.01835,1.046669,0.104878
29.874896,-0.130994,-19.999142,-0.013104,1.046928,0.104801
29.924937,-0.078602,-19.999691,-0.007861,1.047101,0.104749
29.974979,-0.026202,-19.999966,-0.00262,1.047187,0.104723
30.025021,0.026202,-19.999966,0.00262,1.047187,0.104723
30.075063,0.078602,-19.999691,0.007861,1.047101,0.104749
30.125104,0.130994,-19.999142,0.013104,1.046928,0.104801
30.175146,0.183371,-19.998318,0.01835,1.046669,0.104878
30.225188,0.235729,-19.99722,0.023601,1.046324,0.104982
30.275229,0.28806,-19.995847,0.028858,1.045894,0.105112
30.325271,0.34036,-19.994199,0.034122,1.045377,0.105267
30.375313,0.392622,-19.992277,0.039394,1.044775,0.105449
30.425354,0.444841,-19.990081,0.044676,1.044087,0.105658
30.475396,0.497012,-19.987611,0.049969,1.043313,0.105892
30.525438,0.549127,-19.984866,0.055274,1.042455,0.106153
30.57548,0.601183,-19.981847,0.060593,1.041512,0.106441
30.625521,0.653172,-19.978554,0.065928,1.040484,0.106755
30.675563,0.70509,-19.974986,0.071278,1.039372,0.107096
30.725605,0.75693,-19.971145,0.076647,1.038176,0.107465
30.775646,0.808687,-19.96703,0.082034,1.036897,0.10786
30.825688,0.860355,-19.962642,0.087442,1.035535,0.108283
30.87573,0.911929,-19.957979,0.092872,1.034089,0.108734
30.925771,0.963403,-19.953044,0.098325,1.032562,0.109212
30.975813,1.01477,-19.947835,0.103803,1.030953,0.109719
31.025855,1.066027,-19.942352,0.109307,1.029262,0.110254
31.075897,1.117166,-19.936597,0.114838,1.027491,0.110818
31.125938,1.168182,-19.930569,0.120398,1.02564,0.111411
31.17598,1.21907,-19.924268,0.125989,1.023709,0.112032
31.226022,1.269825,-19.917695,0.131611,1.021699,0.112684
31.276063,1.320439,-19.910849,0.137267,1.019611,0.113365
31.326105,1.370909,-19.903731,0.142958,1.017446,0.114076
31.376147,1.421228,-19.896341,0.148685,1.015203,0.114818
31.426188,1.471391,-19.88868,0.15445,1.012884,0.11559
31.47623,1.521393,-19.880747,0.160254,1.01049,0.116394
31.526272,1.571227,-19.872542,0.166099,1.008022,0.117229
31.576314,1.620888,-19.864067,0.171987,1.005479,0.118097
31.626355,1.670372,-19.85532,0.177919,1.002864,0.118996
31.676397,1.719672,-19.846303,0.183897,1.000176,0.119929
31.726439,1.768783,-19.837016,0.189923,0.997418,0.120895
31.77648,1.8177,-19.827458,0.195997,0.994589,0.121894
31.826522,1.866418,-19.81763,0.202123,0.991692,0.122927
31.876564,1.91493,-19.807533,0.208301,0.988726,0.123995
31.926606,1.963232,-19.797167,0.214533,0.985693,0.125098
31.976647,2.011318,-19.786531,0.220822,0.982594,0.126237
32.026689,2.059184,-19.775627,0.227168,0.97943,0.127411
32.076731,2.106823,-19.764454,0.233574,0.976203,0.128623
32.126772,2.15423,-19.753013,0.240042,0.972913,0.129871
32.176814,2.201402,-19.741305,0.246573,0.969562,0.131156
32.226856,2.248331,-19.729329,0.253169,0.966151,0.13248
32.276897,2.295013,-19.717085,0.259832,0.962681,0.133842
32.326939,2.341443,-19.704575,0.266565,0.959154,0.135243
32.376981,2.387617,-19.691798,0.273369,0.955571,0.136684
32.427023,2.433527,-19.678755,0.280245,0.951934,0.138165
32.477064,2.479171,-19.665447,0.287197,0.948243,0.139687
32.527106,2.524542,-19.651873,0.294226,0.944501,0.14125
32.577148,2.569636,-19.638034,0.301335,0.940709,0.142854
32.627189,2.614447,-19.62393,0.308524,0.936868,0.144501
32.677231,2.658972,-19.609562,0.315798,0.932981,0.146191
32.727273,2.703204,-19.59493,0.323156,0.929048,0.147924
32.777314,2.747139,-19.580034,0.330603,0.925072,0.149701
32.827356,2.790773,-19.564876,0.33814,0.921055,0.151523
32.877398,2.8341,-19.549455,0.345769,0.916997,0.153389
32.92744,2.877116,-19.533771,0.353492,0.912902,0.155301
32.977481,2.919816,-19.517826,0.361313,0.90877,0.157258
33.027523,2.962195,-19.501619,0.369232,0.904604,0.159261
33.077565,3.004248,-19.485152,0.377253,0.900406,0.161311
33.127606,3.045972,-19.468424,0.385377,0.896178,0.163408
33.177648,3.087361,-19.451436,0.393608,0.891922,0.165553
33.22769,3.128411,-19.434188,0.401947,0.88764,0.167745
33.277731,3.169117,-19.416681,0.410397,0.883334,0.169985
33.327773,3.209475,-19.398916,0.418961,0.879006,0.172272
33.377815,3.249481,-19.380893,0.42764,0.87466,0.174608
33.427857,3.28913,-19.362612,0.436437,0.870296,0.176993
33.477898,3.328417,-19.344074,0.445354,0.865918,0.179426
33.52794,3.367339,-19.325279,0.454395,0.861528,0.181907
33.577982,3.405891,-19.306228,0.463561,0.857128,0.184437
33.628023,3.444069,-19.286922,0.472855,0.852721,0.187014
33.678065,3.481868,-19.267361,0.482279,0.84831,0.18964
33.728107,3.519285,-19.247545,0.491836,0.843897,0.192313
33.778148,3.556316,-19.227475,0.501527,0.839485,0.195033
33.82819,3.592956,-19.207152,0.511356,0.835077,0.197799
33.878232,3.629201,-19.186576,0.521324,0.830675,0.200611
33.928274,3.665047,-19.165747,0.531435,0.826283,0.203469
33.978315,3.700491,-19.144667,0.541689,0.821903,0.20637
34.028357,3.735529,-19.123336,0.552089,0.817539,0.209315
34.078399,3.770156,-19.101754,0.562638,0.813193,0.212301
34.12844,3.804369,-19.079923,0.573338,0.808869,0.215328
34.178482,3.838164,-19.057842,0.58419,0.804569,0.218393
34.228524,3.871537,-19.035512,0.595196,0.800297,0.221496
34.278565,3.904485,-19.012934,0.606358,0.796056,0.224634
34.328607,3.937005,-18.990109,0.617679,0.79185,0.227805
34.378649,3.969092,-18.967037,0.629158,0.787681,0.231007
34.428691,4.000743,-18.943718,0.640799,0.783554,0.234237
34.478732,4.031954,-18.920154,0.652602,0.779471,0.237493
34.528774,4.062723,-18.896345,0.664569,0.775437,0.240772
34.578816,4.093045,-18.872292,0.6767,0.771454,0.24407
34.628857,4.122918,-18.847995,0.688996,0.767526,0.247384
34.678899,4.152337,-18.823455,0.701459,0.763658,0.250711
34.728941,4.181301,-18.798673,0.714088,0.759852,0.254046
34.778982,4.209805,-18.773649,0.726885,0.756112,0.257386
34.829024,4.237847,-18.748384,0.739848,0.752442,0.260725
34.879066,4.265424,-18.722879,0.752979,0.748845,0.26406
34.929108,4.292532,-18.697134,0.766276,0.745326,0.267385
34.979149,4.319168,-18.671151,0.77974,0.741888,0.270696
35.029191,4.34533,-18.644929,0.793368,0.738535,0.273987
35.079233,4.371015,-18.61847,0.807161,0.735271,0.277251
35.129274,4.39622,-18.591775,0.821116,0.732098,0.280485
35.179316,4.420941,-18.564843,0.835232,0.729022,0.28368
35.229358,4.445177,-18.537676,0.849507,0.726046,0.286832
35.279399,4.468925,-18.510275,0.863938,0.723174,0.289933
35.329441,4.492182,-18.48264,0.878523,0.720408,0.292977
35.379483,4.514945,-18.454772,0.893259,0.717754,0.295958
35.429525,4.537213,-18.426672,0.908143,0.715214,0.298868
35.479566,4.558982,-18.398341,0.92317,0.712792,0.3017
35.529608,4.58025,-18.369779,0.938336,0.710491,0.304448
35.57965,4.601016,-18.340987,0.953638,0.708316,0.307105
35.629691,4.621275,-18.311966,0.969071,0.706268,0.309663
35.679733,4.641028,-18.282716,0.984629,0.704353,0.312115
35.729775,4.66027,-18.25324,1.000306,0.702572,0.314455
35.779817,4.679001,-18.223536,1.016098,0.700929,0.316675
35.829858,4.697217,-18.193607,1.031998,0.699426,0.31877
35.8799,4.714918,-18.163453,1.048,0.698067,0.320732
35.929942,4.7321,-18.133075,1.064096,0.696855,0.322556
35.979983,4.748763,-18.102473,1.08028,0.695791,0.324235
36.030025,4.764905,-18.071649,1.096544,0.694879,0.325765
36.080067,4.780523,-18.040603,1.112881,0.69412,0.327139
36.130108,4.795615,-18.009336,1.129283,0.693517,0.328353
36.18015,4.810181,-17.97785,1.145741,0.693072,0.329403
36.230192,4.824219,-17.946144,1.162248,0.692786,0.330284
36.280234,4.837727,-17.91422,1.178794,0.692662,0.330994
36.330275,4.850703,-17.882079,1.195372,0.6927,0.331528
36.380317,4.863146,-17.849721,1.211972,0.692902,0.331886
36.430359,4.875056,-17.817148,1.228585,0.69327,0.332065
36.4804,4.886429,-17.78436,1.245203,0.693803,0.332065
36.530442,4.897267,-17.751358,1.261816,0.694503,0.331883
36.580484,4.907566,-17.718144,1.278416,0.69537,0.331521
36.630525,4.917326,-17.684717,1.294993,0.696404,0.330979
36.680567,4.926546,-17.65108,1.311538,0.697606,0.330258
36.730609,4.935224,-17.617232,1.328043,0.698976,0.32936
36.780651,4.943361,-17.583175,1.344499,0.700513,0.328288
36.830692,4.950955,-17.54891,1.360897,0.702217,0.327043
36.880734,4.958004,-17.514438,1.377228,0.704087,0.32563
36.930776,4.96451,-17.479759,1.393484,0.706123,0.324053
36.980817,4.97047,-17.444875,1.409657,0.708323,0.322315
37.030859,4.975883,-17.409786,1.42574,0.710687,0.320422
37.080901,4.980751,-17.374494,1.441724,0.713212,0.318379
37.130942,4.985071,-17.339,1.457602,0.715898,0.316191
37.180984,4.988844,-17.303303,1.473367,0.718743,0.313865
37.231026,4.992068,-17.267407,1.489012,0.721745,0.311405
37.281068,4.994745,-17.231311,1.504531,0.724902,0.30882
37.331109,4.996872,-17.195016,1.519918,0.728211,0.306115
37.381151,4.998451,-17.158523,1.535167,0.731672,0.303297
37.431193,4.999481,-17.121834,1.550271,0.735281,0.300373
37.481234,4.999961,-17.08495,1.565227,0.739035,0.29735
37.531276,4.999893,-17.047871,1.58003,0.742933,0.294235
37.581318,4.999275,-17.010598,1.594674,0.746972,0.291035
37.631359,4.998108,-16.973133,1.609156,0.751149,0.287756
37.681401,4.996392,-16.935476,1.623472,0.75546,0.284406
37.731443,4.994127,-16.897629,1.637619,0.759904,0.280992
37.781485,4.991314,-16.859592,1.651594,0.764477,0.27752
37.831526,4.987952,-16.821367,1.665394,0.769176,0.273997
37.881568,4.984042,-16.782955,1.679016,0.773997,0.270429
37.93161,4.979585,-16.744357,1.692458,0.778939,0.266823
37.981651,4.974581,-16.705573,1.70572,0.783997,0.263183
38.031693,4.969031,-16.666605,1.718798,0.789168,0.259517
38.081735,4.962934,-16.627454,1.731693,0.794449,0.25583
38.131776,4.956293,-16.588121,1.744402,0.799838,0.252126
38.181818,4.949107,-16.548607,1.756926,0.805329,0.248411
38.23186,4.941378,-16.508914,1.769264,0.81092,0.244691
38.281902,4.933105,-16.469041,1.781416,0.816609,0.240969
38.331943,4.924291,-16.428991,1.793381,0.82239,0.237249
38.381985,4.914936,-16.388764,1.80516,0.828262,0.233537
38.432027,4.905041,-16.348362,1.816754,0.83422,0.229835
38.482068,4.894608,-16.307786,1.828163,0.840262,0.226148
38.53211,4.883636,-16.267036,1.839388,0.846383,0.222478
38.582152,4.872129,-16.226115,1.85043,0.852582,0.218829
38.632193,4.860086,-16.185022,1.86129,0.858854,0.215203
38.682235,4.847509,-16.143759,1.871969,0.865196,0.211604
38.732277,4.834399,-16.102328,1.882468,0.871605,0.208033
38.782319,4.820759,-16.060729,1.89279,0.878078,0.204494
38.83236,4.806589,-16.018964,1.902935,0.884612,0.200987
38.882402,4.791891,-15.977033,1.912906,0.891203,0.197515
38.932444,4.776667,-15.934939,1.922704,0.897848,0.194079
38.982485,4.760918,-15.892681,1.932331,0.904544,0.190682
39.032527,4.744646,-15.850261,1.941789,0.911289,0.187323
39.082569,4.727853,-15.807681,1.951079,0.918079,0.184005
39.132611,4.710541,-15.764942,1.960205,0.924911,0.180728
39.182652,4.692711,-15.722044,1.969168,0.931783,0.177493
39.232694,4.674366,-15.678989,1.97797,0.93869,0.174301
39.282736,4.655507,-15.635778,1.986613,0.945632,0.171152
39.332777,4.636137,-15.592412,1.9951,0.952604,0.168048
39.382819,4.616258,-15.548892,2.003433,0.959604,0.164987
39.432861,4.595872,-15.505221,2.011613,0.966629,0.161971
39.482902,4.57498,-15.461398,2.019644,0.973676,0.159
39.532944,4.553587,-15.417425,2.027527,0.980743,0.156074
39.582986,4.531693,-15.373303,2.035265,0.987828,0.153193
39.633028,4.509301,-15.329034,2.04286,0.994927,0.150356
39.683069,4.486414,-15.284618,2.050314,1.002038,0.147564
39.733111,4.463034,-15.240057,2.05763,1.009159,0.144816
39.783153,4.439164,-15.195353,2.064809,1.016287,0.142113
39.833194,4.414806,-15.150506,2.071854,1.023419,0.139453
39.883236,4.389964,-15.105517,2.078766,1.030554,0.136837
39.933278,4.364639,-15.060388,2.085549,1.037689,0.134264
39.983319,4.338835,-15.01512,2.092205,1.044821,0.131734
40.033361,4.312554,-14.969714,2.098734,1.051949,0.129246
40.083403,4.285799,-14.924172,2.105141,1.05907,0.126799
40.133445,4.258574,-14.878495,2.111426,1.066181,0.124394
40.183486,4.230881,-14.832684,2.117591,1.073282,0.12203
40.233528,4.202723,-14.78674,2.123639,1.080369,0.119705
40.28357,4.174103,-14.740664,2.129572,1.087441,0.11742
40.333611,4.145025,-14.694459,2.135392,1.094495,0.115174
40.383653,4.115492,-14.648124,2.1411,1.10153,0.112966
40.433695,4.085506,-14.601662,2.146699,1.108543,0.110796
40.483736,4.055072,-14.555073,2.152189,1.115533,0.108663
40.533778,4.024193,-14.50836,2.157575,1.122497,0.106566
40.58382,3.992871,-14.461522,2.162856,1.129434,0.104505
40.633862,3.961111,-14.414562,2.168034,1.136342,0.102479
40.683903,3.928915,-14.367481,2.173113,1.143219,0.100487
40.733945,3.896288,-14.32028,2.178092,1.150064,0.098529
40.783987,3.863234,-14.27296,2.182974,1.156874,0.096604
40.834028,3.829754,-14.225523,2.187761,1.163648,0.094712
40.88407,3.795854,-14.17797,2.192454,1.170383,0.092851
40.934112,3.761538,-14.130302,2.197054,1.17708,0.091021
40.984153,3.726808,-14.082521,2.201564,1.183735,0.089222
41.034195,3.691668,-14.034627,2.205985,1.190347,0.087453
41.084237,3.656123,-13.986623,2.210317,1.196915,0.085713
41.134279,3.620177,-13.938509,2.214563,1.203437,0.084001
41.18432,3.583832,-13.890287,2.218725,1.209911,0.082317
41.234362,3.547095,-13.841959,2.222803,1.216336,0.080661
41.284404,3.509967,-13.793525,2.226798,1.222711,0.079031
41.334445,3.472454,-13.744986,2.230713,1.229034,0.077428
41.384487,3.43456,-13.696345,2.234548,1.235304,0.07585
41.434529,3.396288,-13.647602,2.238304,1.241518,0.074297
41.48457,3.357643,-13.598759,2.241984,1.247677,0.072768
41.534612,3.318629,-13.549818,2.245588,1.253778,0.071263
41.584654,3.279251,-13.500778,2.249117,1.259821,0.069781
41.634696,3.239513,-13.451643,2.252572,1.265803,0.068322
41.684737,3.199419,-13.402413,2.255955,1.271724,0.066885
41.734779,3.158973,-13.353089,2.259266,1.277582,0.065469
41.784821,3.118181,-13.303674,2.262508,1.283377,0.064075
41.834862,3.077045,-13.254168,2.26568,1.289106,0.062701
41.884904,3.035572,-13.204572,2.268783,1.29477,0.061347
41.934946,2.993766,-13.154888,2.27182,1.300365,0.060013
41.984987,2.95163,-13.105118,2.27479,1.305893,0.058697
42.035029,2.909171,-13.055262,2.277695,1.31135,0.0574
42.085071,2.866391,-13.005323,2.280535,1.316737,0.056122
42.135113,2.823297,-12.955301,2.283312,1.322052,0.05486
42.185154,2.779893,-12.905197,2.286026,1.327294,0.053616
42.235196,2.736184,-12.855014,2.288678,1.332462,0.052389
42.285238,2.692174,-12.804753,2.291269,1.337555,0.051178
42.335279,2.647868,-12.754415,2.2938,1.342573,0.049983
42.385321,2.603271,-12.704,2.296272,1.347513,0.048803
42.435363,2.558389,-12.653512,2.298685,1.352376,0.047638
42.485405,2.513225,-12.602951,2.30104,1.357159,0.046488
42.535446,2.467785,-12.552318,2.303338,1.361863,0.045352
42.585488,2.422074,-12.501616,2.305579,1.366487,0.044229
42.63553,2.376098,-12.450844,2.307765,1.371029,0.04312
42.685571,2.32986,-12.400005,2.309895,1.375489,0.042024
42.735613,2.283366,-12.349101,2.311971,1.379866,0.040941
42.785655,2.236622,-12.298132,2.313993,1.384159,0.03987
42.835696,2.189631,-12.247099,2.315961,1.388367,0.038811
42.885738,2.142401,-12.196005,2.317877,1.392489,0.037763
42.93578,2.094934,-12.144851,2.319741,1.396526,0.036726
42.985822,2.047238,-12.093638,2.321553,1.400475,0.035701
43.035863,1.999317,-12.042367,2.323314,1.404337,0.034686
43.085905,1.951176,-11.99104,2.325025,1.40811,0.033681
43.135947,1.902821,-11.939659,2.326685,1.411795,0.032686
43.185988,1.854257,-11.888224,2.328296,1.415389,0.0317
43.23603,1.80549,-11.836738,2.329858,1.418894,0.030724
43.286072,1.756524,-11.785201,2.331371,1.422307,0.029756
43.336113,1.707365,-11.733615,2.332836,1.425629,0.028798
43.386155,1.658018,-11.681981,2.334254,1.428858,0.027847
43.436197,1.60849,-11.630301,2.335624,1.431995,0.026905
43.486239,1.558784,-11.578577,2.336947,1.435038,0.02597
43.53628,1.508908,-11.526809,2.338223,1.437988,0.025043
43.586322,1.458865,-11.474999,2.339453,1.440843,0.024122
43.636364,1.408663,-11.423148,2.340637,1.443604,0.023209
43.686405,1.358306,-11.371259,2.341776,1.446269,0.022302
43.736447,1.307799,-11.319332,2.342869,1.448839,0.021402
43.786489,1.257149,-11.267368,2.343918,1.451312,0.020508
43.83653,1.206361,-11.21537,2.344922,1.453688,0.019619
43.886572,1.15544,-11.163339,2.345882,1.455968,0.018736
43.936614,1.104392,-11.111275,2.346797,1.45815,0.017858
43.986656,1.053223,-11.059181,2.347669,1.460234,0.016985
44.036697,1.001939,-11.007058,2.348497,1.46222,0.016117
44.086739,0.950544,-10.954908,2.349282,1.464108,0.015254
44.136781,0.899045,-10.902731,2.350024,1.465897,0.014394
44.186822,0.847447,-10.850529,2.350723,1.467587,0.013539
44.236864,0.795756,-10.798304,2.351379,1.469177,0.012688
44.286906,0.743978,-10.746057,2.351993,1.470667,0.01184
44.336947,0.692117,-10.693789,2.352564,1.472058,0.010995
44.386989,0.640181,-10.641503,2.353093,1.473348,0.010153
44.437031,0.588175,-10.589198,2.35358,1.474538,0.009314
44.487073,0.536104,-10.536878,2.354025,1.475628,0.008478
44.537114,0.483974,-10.484543,2.354429,1.476616,0.007644
44.587156,0.431791,-10.432195,2.35479,1.477504,0.006812
44.637198,0.37956,-10.379834,2.355111,1.478291,0.005982
44.687239,0.327288,-10.327464,2.355389,1.478976,0.005154
44.737281,0.27498,-10.275084,2.355626,1.47956,0.004327
44.787323,0.222641,-10.222697,2.355822,1.480043,0.003501
44.837364,0.170279,-10.170303,2.355977,1.480424,0.002677
44.887406,0.117897,-10.117905,2.35609,1.480704,0.001853
44.937448,0.065503,-10.065504,2.356162,1.480882,0.001029
44.98749,0.013101,-10.013101,2.356193,1.480958,0.000206
45.037531,-0.039302,-9.960697,2.356183,1.480932,-0.000617
45.087573,-0.091701,-9.908295,2.356131,1.480805,-0.001441
45.137615,-0.14409,-9.855895,2.356039,1.480577,-0.002264
45.187656,-0.196463,-9.803499,2.355905,1.480246,-0.003089
45.237698,-0.248814,-9.751109,2.35573,1.479814,-0.003914
45.28774,-0.301138,-9.698725,2.355513,1.479281,-0.00474
45.337781,-0.353429,-9.64635,2.355255,1.478646,-0.005568
45.387823,-0.405681,-9.593984,2.354956,1.47791,-0.006397
45.437865,-0.457889,-9.54163,2.354615,1.477073,-0.007228
45.487907,-0.510046,-9.489288,2.354232,1.476135,-0.008061
45.537948,-0.562147,-9.43696,2.353808,1.475096,-0.008896
45.58799,-0.614187,-9.384647,2.353342,1.473956,-0.009733
45.638032,-0.666159,-9.332352,2.352834,1.472716,-0.010574
45.688073,-0.718057,-9.280075,2.352284,1.471375,-0.011417
45.738115,-0.769877,-9.227817,2.351691,1.469934,-0.012263
45.788157,-0.821613,-9.175581,2.351056,1.468394,-0.013113
45.838198,-0.873258,-9.123367,2.350379,1.466754,-0.013966
45.88824,-0.924807,-9.071178,2.349658,1.465015,-0.014823
45.938282,-0.976255,-9.019014,2.348895,1.463177,-0.015685
45.988324,-1.027595,-8.966877,2.348089,1.46124,-0.016551
46.038365,-1.078823,-8.914768,2.347239,1.459204,-0.017421
46.088407,-1.129932,-8.862689,2.346345,1.457071,-0.018296
46.138449,-1.180916,-8.810641,2.345407,1.45484,-0.019177
46.18849,-1.231772,-8.758626,2.344426,1.452512,-0.020063
46.238532,-1.282492,-8.706645,2.343399,1.450087,-0.020954
46.288574,-1.333071,-8.6547,2.342328,1.447566,-0.021851
46.338616,-1.383503,-8.602792,2.341212,1.444949,-0.022755
46.388657,-1.433784,-8.550921,2.340051,1.442236,-0.023665
46.438699,-1.483907,-8.499091,2.338844,1.439428,-0.024582
46.488741,-1.533867,-8.447302,2.33759,1.436525,-0.025505
46.538782,-1.583659,-8.395556,2.336291,1.433528,-0.026436
46.588824,-1.633276,-8.343853,2.334945,1.430438,-0.027375
46.638866,-1.682715,-8.292196,2.333551,1.427255,-0.028321
46.688907,-1.731968,-8.240586,2.33211,1.423979,-0.029276
46.738949,-1.781031,-8.189025,2.330621,1.420612,-0.030239
46.788991,-1.829899,-8.137513,2.329083,1.417153,-0.031211
46.839033,-1.878565,-8.086052,2.327497,1.413603,-0.032192
46.889074,-1.927025,-8.034644,2.325861,1.409964,-0.033182
46.939116,-1.975274,-7.983289,2.324176,1.406235,-0.034182
46.989158,-2.023305,-7.93199,2.32244,1.402417,-0.035192
47.039199,-2.071115,-7.880748,2.320654,1.398511,-0.036212
47.089241,-2.118697,-7.829564,2.318816,1.394518,-0.037243
47.139283,-2.166046,-7.77844,2.316926,1.390439,-0.038285
47.189324,-2.213157,-7.727377,2.314984,1.386273,-0.039339
47.239366,-2.260025,-7.676376,2.312989,1.382023,-0.040404
47.289408,-2.306645,-7.625439,2.31094,1.377688,-0.041481
47.33945,-2.353011,-7.574567,2.308837,1.373269,-0.042571
47.389491,-2.399119,-7.523762,2.306679,1.368768,-0.043673
47.439533,-2.444963,-7.473024,2.304466,1.364185,-0.044789
47.489575,-2.490539,-7.422356,2.302196,1.359521,-0.045918
47.539616,-2.535842,-7.371759,2.29987,1.354777,-0.047061
47.589658,-2.580865,-7.321234,2.297486,1.349954,-0.048219
47.6397,-2.625606,-7.270783,2.295044,1.345052,-0.049391
47.689741,-2.670057,-7.220407,2.292542,1.340073,-0.050578
47.739783,-2.714216,-7.170107,2.289981,1.335018,-0.051781
47.789825,-2.758076,-7.119884,2.28736,1.329887,-0.053001
47.839867,-2.801634,-7.069741,2.284677,1.324682,-0.054236
47.889908,-2.844884,-7.019678,2.281931,1.319403,-0.055489
47.93995,-2.887821,-6.969697,2.279123,1.314052,-0.056759
47.989992,-2.930441,-6.919799,2.27625,1.30863,-0.058046
48.040033,-2.972739,-6.869986,2.273313,1.303138,-0.059352
48.090075,-3.01471,-6.820259,2.27031,1.297576,-0.060677
48.140117,-3.056351,-6.770619,2.26724,1.291946,-0.062021
48.190158,-3.097656,-6.721068,2.264102,1.28625,-0.063385
48.2402,-3.13862,-6.671607,2.260896,1.280488,-0.064769
48.290242,-3.17924,-6.622237,2.257619,1.274661,-0.066174
48.340284,-3.21951,-6.57296,2.254272,1.268771,-0.067601
48.390325,-3.259427,-6.523777,2.250853,1.26282,-0.069049
48.440367,-3.298986,-6.47469,2.247361,1.256807,-0.070519
48.490409,-3.338182,-6.425699,2.243795,1.250735,-0.072012
48.54045,-3.377012,-6.376807,2.240154,1.244605,-0.073529
48.590492,-3.415471,-6.328014,2.236436,1.238418,-0.07507
48.640534,-3.453554,-6.279322,2.23264,1.232176,-0.076636
48.690575,-3.491259,-6.230732,2.228765,1.225879,-0.078226
48.740617,-3.528579,-6.182245,2.22481,1.21953,-0.079843
48.790659,-3.565512,-6.133864,2.220774,1.21313,-0.081486
48.840701,-3.602054,-6.085588,2.216655,1.20668,-0.083156
48.890742,-3.6382,-6.03742,2.212451,1.200181,-0.084853
48.940784,-3.673946,-5.989361,2.208162,1.193636,-0.086579
48.990826,-3.709289,-5.941412,2.203785,1.187046,-0.088334
49.040867,-3.744224,-5.893575,2.199321,1.180412,-0.090118
49.090909,-3.778748,-5.84585,2.194766,1.173737,-0.091932
49.140951,-3.812857,-5.798239,2.190119,1.16702,-0.093777
49.190992,-3.846547,-5.750744,2.185379,1.160265,-0.095654
49.241034,-3.879814,-5.703365,2.180545,1.153473,-0.097563
49.291076,-3.912656,-5.656105,2.175615,1.146646,-0.099504
49.341118,-3.945067,-5.608963,2.170586,1.139785,-0.101479
49.391159,-3.977045,-5.561943,2.165458,1.132892,-0.103488
49.441201,-4.008587,-5.515044,2.160228,1.125969,-0.105531
49.491243,-4.039688,-5.468268,2.154895,1.119018,-0.10761
49.541284,-4.070345,-5.421617,2.149457,1.112041,-0.109725
49.591326,-4.100555,-5.375091,2.143913,1.105039,-0.111877
49.641368,-4.130315,-5.328693,2.13826,1.098015,-0.114066
49.69141,-4.159621,-5.282422,2.132496,1.09097,-0.116292
49.741451,-4.18847,-5.236282,2.12662,1.083907,-0.118558
49.791493,-4.216859,-5.190272,2.12063,1.076827,-0.120862
49.841535,-4.244785,-5.144394,2.114523,1.069733,-0.123207
49.891576,-4.272245,-5.09865,2.108298,1.062627,-0.125592
49.941618,-4.299235,-5.05304,2.101953,1.05551,-0.128017
49.99166,-4.325753,-5.007566,2.095485,1.048386,-0.130484
50.041701,-4.351796,-4.962229,2.088893,1.041255,-0.132994
50.091743,-4.377361,-4.91703,2.082174,1.034121,-0.135545
50.141785,-4.402445,-4.871971,2.075326,1.026986,-0.13814
50.191827,-4.427046,-4.827053,2.068348,1.019853,-0.140777
50.241868,-4.45116,-4.782277,2.061236,1.012722,-0.143459
50.29191,-4.474785,-4.737644,2.053989,1.005598,-0.146184
50.341952,-4.497919,-4.693156,2.046605,0.998481,-0.148954
50.391993,-4.520559,-4.648813,2.039081,0.991376,-0.151769
50.442035,-4.542702,-4.604618,2.031414,0.984284,-0.154628
50.492077,-4.564346,-4.56057,2.023604,0.977207,-0.157532
50.542118,-4.585489,-4.516672,2.015647,0.97015,-0.16048
50.59216,-4.606128,-4.472925,2.007542,0.963113,-0.163474
50.642202,-4.626261,-4.429329,1.999286,0.9561,-0.166512
50.692244,-4.645886,-4.385886,1.990876,0.949114,-0.169594
50.742285,-4.665001,-4.342597,1.982311,0.942157,-0.172721
50.792327,-4.683603,-4.299464,1.973589,0.935232,-0.175892
50.842369,-4.701691,-4.256488,1.964707,0.928342,-0.179105
50.89241,-4.719262,-4.213669,1.955663,0.92149,-0.182361
50.942452,-4.736315,-4.171009,1.946455,0.914679,-0.185659
50.992494,-4.752848,-4.128509,1.937081,0.907911,-0.188997
51.042535,-4.768858,-4.08617,1.927539,0.90119,-0.192376
51.092577,-4.784345,-4.043994,1.917826,0.894519,-0.195793
51.142619,-4.799306,-4.001981,1.907942,0.8879,-0.199247
51.192661,-4.81374,-3.960133,1.897885,0.881337,-0.202736
51.242702,-4.827646,-3.91845,1.887651,0.874834,-0.20626
51.292744,-4.841021,-3.876935,1.877241,0.868392,-0.209815
51.342786,-4.853864,-3.835588,1.866652,0.862016,-0.2134
51.392827,-4.866174,-3.79441,1.855883,0.855709,-0.217013
51.442869,-4.877949,-3.753403,1.844932,0.849473,-0.22065
51.492911,-4.889189,-3.712567,1.833799,0.843313,-0.22431
51.542952,-4.899892,-3.671904,1.822482,0.837231,-0.227989
51.592994,-4.910056,-3.631415,1.810981,0.83123,-0.231684
51.643036,-4.919681,-3.5911,1.799294,0.825315,-0.235392
51.693078,-4.928766,-3.550962,1.787422,0.819488,-0.239108
51.743119,-4.937309,-3.511,1.775363,0.813753,-0.24283
51.793161,-4.94531,-3.471217,1.763118,0.808112,-0.246552
51.843203,-4.952768,-3.431613,1.750687,0.80257,-0.25027
51.893244,-4.959682,-3.39219,1.738071,0.79713,-0.253979
51.943286,-4.966051,-3.352948,1.725269,0.791795,-0.257676
51.993328,-4.971874,-3.313888,1.712282,0.786569,-0.261353
52.043369,-4.977152,-3.275012,1.699112,0.781453,-0.265007
52.093411,-4.981882,-3.236321,1.68576,0.776453,-0.26863
52.143453,-4.986066,-3.197815,1.672227,0.771571,-0.272219
52.193495,-4.989701,-3.159497,1.658516,0.766811,-0.275765
52.243536,-4.992789,-3.121366,1.644628,0.762174,-0.279263
52.293578,-4.995328,-3.083424,1.630567,0.757666,-0.282707
52.34362,-4.997318,-3.045672,1.616335,0.753288,-0.28609
52.393661,-4.99876,-3.008111,1.601935,0.749043,-0.289405
52.443703,-4.999652,-2.970742,1.587372,0.744935,-0.292645
52.493745,-4.999996,-2.933566,1.572648,0.740967,-0.295803
52.543786,-4.99979,-2.896584,1.557768,0.73714,-0.298873
52.593828,-4.999035,-2.859797,1.542737,0.733458,-0.301848
52.64387,-4.99773,-2.823206,1.52756,0.729923,-0.30472
52.693912,-4.995877,-2.786812,1.512242,0.726538,-0.307482
52.743953,-4.993475,-2.750616,1.496788,0.723304,-0.310128
52.793995,-4.990525,-2.71462,1.481205,0.720224,-0.312651
52.844037,-4.987026,-2.678823,1.465499,0.717301,-0.315045
52.894078,-4.982979,-2.643228,1.449676,0.714535,-0.317303
52.94412,-4.978386,-2.607834,1.433745,0.71193,-0.319419
52.994162,-4.973245,-2.572644,1.41771,0.709485,-0.321388
53.044204,-4.967558,-2.537658,1.401582,0.707203,-0.323204
53.094245,-4.961325,-2.502876,1.385366,0.705085,-0.324862
53.144287,-4.954548,-2.4683,1.369071,0.703132,-0.326358
53.194329,-4.947226,-2.433931,1.352705,0.701344,-0.327687
53.24437,-4.939361,-2.39977,1.336278,0.699724,-0.328846
53.294412,-4.930953,-2.365818,1.319796,0.69827,-0.329831
53.344454,-4.922003,-2.332075,1.30327,0.696984,-0.330641
53.394495,-4.912513,-2.298543,1.286708,0.695866,-0.331272
53.444537,-4.902483,-2.265223,1.270118,0.694915,-0.331725
53.494579,-4.891915,-2.232114,1.253511,0.694132,-0.331996
53.544621,-4.88081,-2.199219,1.236894,0.693515,-0.332087
53.594662,-4.869168,-2.166539,1.220277,0.693065,-0.331998
53.644704,-4.856991,-2.134073,1.203669,0.692781,-0.33173
53.694746,-4.844281,-2.101824,1.187079,0.692661,-0.331283
53.744787,-4.831039,-2.069791,1.170516,0.692704,-0.33066
53.794829,-4.817266,-2.037976,1.153989,0.692909,-0.329865
53.844871,-4.802964,-2.00638,1.137505,0.693275,-0.328899
53.894912,-4.788135,-1.975003,1.121074,0.693799,-0.327766
53.944954,-4.772779,-1.943847,1.104704,0.69448,-0.326472
53.994996,-4.756899,-1.912911,1.088402,0.695316,-0.325019
54.045038,-4.740497,-1.882198,1.072177,0.696304,-0.323414
54.095079,-4.723574,-1.851708,1.056036,0.697442,-0.321662
54.145121,-4.706132,-1.821442,1.039987,0.698729,-0.319768
54.195163,-4.688173,-1.7914,1.024035,0.70016,-0.317739
54.245204,-4.6697,-1.761584,1.008189,0.701733,-0.31558
54.295246,-4.650713,-1.731994,0.992453,0.703445,-0.313299
54.345288,-4.631215,-1.70263,0.976834,0.705294,-0.310902
54.395329,-4.611209,-1.673495,0.961339,0.707276,-0.308396
54.445371,-4.590696,-1.644589,0.945971,0.709388,-0.305788
54.495413,-4.569679,-1.615912,0.930736,0.711626,-0.303085
54.545455,-4.54816,-1.587465,0.915638,0.713988,-0.300294
54.595496,-4.526141,-1.559249,0.900683,0.716469,-0.297422
54.645538,-4.503626,-1.531265,0.885873,0.719067,-0.294476
54.69558,-4.480615,-1.503513,0.871212,0.721777,-0.291463
54.745621,-4.457112,-1.475995,0.856703,0.724597,-0.288389
54.795663,-4.43312,-1.448711,0.84235,0.727522,-0.285262
54.845705,-4.408641,-1.421662,0.828154,0.730548,-0.282087
54.895746,-4.383678,-1.394848,0.814118,0.733673,-0.278872
54.945788,-4.358233,-1.368271,0.800244,0.736891,-0.275623
54.99583,-4.332309,-1.34193,0.786533,0.740201,-0.272344
55.045872,-4.305909,-1.315828,0.772987,0.743597,-0.269043
55.095913,-4.279037,-1.289964,0.759607,0.747076,-0.265724
55.145955,-4.251694,-1.264339,0.746393,0.750634,-0.262394
55.195997,-4.223884,-1.238954,0.733346,0.754268,-0.259056
55.246038,-4.195611,-1.213809,0.720466,0.757973,-0.255716
55.29608,-4.166876,-1.188906,0.707753,0.761747,-0.252378
55.346122,-4.137684,-1.164245,0.695207,0.765585,-0.249046
55.396163,-4.108038,-1.139826,0.682827,0.769483,-0.245725
55.446205,-4.07794,-1.115651,0.670614,0.773439,-0.242419
55.496247,-4.047394,-1.09172,0.658565,0.777448,-0.23913
55.546289,-4.016403,-1.068033,0.64668,0.781507,-0.235862
55.59633,-3.984972,-1.044592,0.634959,0.785612,-0.232619
55.646372,-3.953103,-1.021396,0.623399,0.789761,-0.229402
55.696414,-3.920799,-0.998447,0.611999,0.793948,-0.226215
55.746455,-3.888065,-0.975746,0.600758,0.798172,-0.22306
55.796497,-3.854903,-0.953292,0.589674,0.802429,-0.21994
55.846539,-3.821319,-0.931087,0.578745,0.806715,-0.216856
55.89658,-3.787314,-0.90913,0.567969,0.811028,-0.213809
55.946622,-3.752894,-0.887423,0.557345,0.815364,-0.210803
55.996664,-3.718061,-0.865967,0.546871,0.819719,-0.207837
56.046706,-3.68282,-0.844761,0.536544,0.824092,-0.204914
56.096747,-3.647174,-0.823807,0.526362,0.828478,-0.202035
56.146789,-3.611128,-0.803105,0.516322,0.832875,-0.1992
56.196831,-3.574685,-0.782655,0.506424,0.837281,-0.19641
56.246872,-3.537849,-0.762459,0.496664,0.841691,-0.193667
56.296914,-3.500625,-0.742516,0.487041,0.846104,-0.19097
56.346956,-3.463016,-0.722827,0.477551,0.850516,-0.188321
56.396997,-3.425027,-0.703393,0.468192,0.854925,-0.185719
56.447039,-3.386661,-0.684214,0.458962,0.859329,-0.183166
56.497081,-3.347924,-0.665292,0.449859,0.863724,-0.18066
56.547123,-3.308819,-0.646625,0.44088,0.868109,-0.178203
56.597164,-3.26935,-0.628216,0.432023,0.87248,-0.175795
56.647206,-3.229523,-0.610063,0.423285,0.876835,-0.173434
56.697248,-3.18934,-0.592169,0.414665,0.881173,-0.171122
56.747289,-3.148807,-0.574533,0.406158,0.88549,-0.168859
56.797331,-3.107929,-0.557156,0.397764,0.889784,-0.166643
56.847373,-3.066709,-0.540038,0.389479,0.894054,-0.164475
56.897415,-3.025152,-0.52318,0.381302,0.898296,-0.162354
56.947456,-2.983263,-0.506582,0.373229,0.902509,-0.160281
56.997498,-2.941046,-0.490245,0.36526,0.906691,-0.158254
57.04754,-2.898506,-0.474169,0.35739,0.91084,-0.156273
57.097581,-2.855647,-0.458354,0.349619,0.914954,-0.154339
57.147623,-2.812475,-0.442802,0.341943,0.919031,-0.15245
57.197665,-2.768994,-0.427512,0.33436,0.923069,-0.150606
57.247706,-2.725209,-0.412485,0.326869,0.927066,-0.148807
57.297748,-2.681125,-0.397721,0.319466,0.93102,-0.147052
57.34779,-2.636746,-0.383221,0.31215,0.93493,-0.145341
57.397832,-2.592077,-0.368985,0.304919,0.938794,-0.143672
57.447873,-2.547124,-0.355014,0.29777,0.942611,-0.142047
57.497915,-2.501891,-0.341307,0.290702,0.946378,-0.140463
57.547957,-2.456383,-0.327866,0.283712,0.950095,-0.138921
57.597998,-2.410605,-0.31469,0.276798,0.953759,-0.137419
57.64804,-2.364562,-0.30178,0.269958,0.957369,-0.135959
57.698082,-2.31826,-0.289137,0.26319,0.960925,-0.134538
57.748123,-2.271703,-0.27676,0.256492,0.964423,-0.133156
57.798165,-2.224897,-0.26465,0.249862,0.967864,-0.131813
57.848207,-2.177846,-0.252807,0.243299,0.971245,-0.130509
57.898249,-2.130556,-0.241233,0.2368,0.974566,-0.129242
57.94829,-2.083032,-0.229926,0.230364,0.977824,-0.128012
57.998332,-2.035279,-0.218887,0.223988,0.98102,-0.12682
58.048374,-1.987302,-0.208117,0.21767,0.984152,-0.125663
58.098415,-1.939108,-0.197616,0.21141,0.987218,-0.124542
58.148457,-1.8907,-0.187385,0.205205,0.990217,-0.123457
58.198499,-1.842084,-0.177422,0.199054,0.993149,-0.122406
58.24854,-1.793267,-0.16773,0.192954,0.996012,-0.12139
58.298582,-1.744252,-0.158307,0.186904,0.998806,-0.120408
58.348624,-1.695045,-0.149155,0.180902,1.001529,-0.119459
58.398666,-1.645653,-0.140273,0.174948,1.00418,-0.118543
58.448707,-1.59608,-0.131662,0.169038,1.00676,-0.117659
58.498749,-1.546331,-0.123322,0.163171,1.009265,-0.116808
58.548791,-1.496412,-0.115253,0.157347,1.011697,-0.115988
58.598832,-1.44633,-0.107455,0.151562,1.014053,-0.1152
58.648874,-1.396088,-0.09993,0.145817,1.016334,-0.114443
58.698916,-1.345693,-0.092676,0.140108,1.018538,-0.113717
58.748957,-1.29515,-0.085694,0.134435,1.020665,-0.11302
58.798999,-1.244465,-0.078984,0.128796,1.022714,-0.112354
58.849041,-1.193643,-0.072547,0.12319,1.024685,-0.111718
58.899083,-1.14269,-0.066383,0.117614,1.026576,-0.111111
58.949124,-1.091611,-0.060491,0.112069,1.028387,-0.110532
58.999166,-1.040413,-0.054872,0.106551,1.030118,-0.109983
59.049208,-0.9891,-0.049527,0.101061,1.031768,-0.109462
59.099249,-0.937679,-0.044454,0.095596,1.033336,-0.10897
59.149291,-0.886154,-0.039655,0.090154,1.034822,-0.108505
59.199333,-0.834533,-0.03513,0.084736,1.036226,-0.108068
59.249374,-0.782819,-0.030878,0.079338,1.037547,-0.107659
59.299416,-0.73102,-0.0269,0.07396,1.038785,-0.107277
59.349458,-0.67914,-0.023196,0.068601,1.039939,-0.106922
59.3995,-0.627186,-0.019766,0.063259,1.041009,-0.106595
59.449541,-0.575163,-0.016609,0.057932,1.041994,-0.106294
59.499583,-0.523077,-0.013728,0.05262,1.042895,-0.106019
59.549625,-0.470933,-0.01112,0.047321,1.043711,-0.105772
59.599666,-0.418737,-0.008786,0.042034,1.044441,-0.10555
59.649708,-0.366496,-0.006727,0.036757,1.045086,-0.105355
59.69975,-0.314214,-0.004943,0.031489,1.045646,-0.105186
59.749791,-0.261898,-0.003432,0.026229,1.04612,-0.105044
59.799833,-0.209553,-0.002197,0.020975,1.046508,-0.104927
59.849875,-0.157185,-0.001236,0.015727,1.046809,-0.104836
59.899917,-0.104799,-0.000549,0.010482,1.047025,-0.104772
59.949958,-0.052403,-0.000137,0.005241,1.047154,-0.104733
60,-0,0,0,1.047198,-0.10472
